words,count_up,count_down,total,polarity_score
북핵/NNG,30.0,22.0,52.0,1.8883755325157654
과열국면/NNG,12.0,12.0,24.0,1.3848087238448945
급매/NNG,11.0,11.0,22.0,1.3848087238448947
만좌/NNG,15.0,7.0,22.0,2.967447265381917
자본력/NNG,17.0,16.0,33.0,1.4713592690852002
총자본비율/NNG,66.0,50.0,116.0,1.8279475154752607
상하방/NNG,74.0,74.0,148.0,1.3848087238448945
기업/NNG;실적/NNG;호조/NNG,15.0,10.0,25.0,2.0772130857673416
예금은행/NNG,64.0,57.0,121.0,1.5548729530890044
표결/NNG,56.0,59.0,115.0,1.3143947209375269
중장기채/NNG,16.0,15.0,31.0,1.4771293054345545
사견/NNG,9.0,8.0,17.0,1.5579098143255063
공포/NNG,62.0,53.0,115.0,1.61996492223365
분업/NNG,12.0,8.0,20.0,2.0772130857673416
제안/NNG,746.0,465.0,1211.0,2.2216501247060023
한경/NNG,132.0,121.0,253.0,1.510700426012612
취약국/NNG,18.0,13.0,31.0,1.9174274637852387
ecb/NNG;금리/NNG;인상/NNG,20.0,14.0,34.0,1.9782981769212777
아래쪽/NNG,18.0,12.0,30.0,2.0772130857673416
qfii/NNG,17.0,3.0,20.0,7.847249435121069
주요주주/NNG,13.0,9.0,22.0,2.0002792677759587
현수/NNG,169.0,62.0,231.0,3.7747205537062443
표표/NNG,77.0,19.0,96.0,5.612119565055624
기대/NNG;금리/NNG;하락/NNG,14.0,10.0,24.0,1.938732213382852
기평/NNG,483.0,433.0,916.0,1.5447173524643973
낙찰금액/NNG,28.0,24.0,52.0,1.6156101778190435
갇힌/VV,10.0,8.0,18.0,1.731010904806118
해소/NNG,768.0,796.0,1564.0,1.336096859187034
gdp/NNG;개선/NNG,10.0,9.0,19.0,1.5386763598276605
장기추세/NNG,30.0,31.0,61.0,1.3401374746886074
경상/NNG;수지/NNG;개선/NNG,19.0,12.0,31.0,2.1926138127544164
투자금융/NNG,16.0,16.0,32.0,1.3848087238448945
부동자금/NNG,12.0,5.0,17.0,3.3235409372277465
심리/NNG;위축/NNG,26.0,25.0,51.0,1.4402010727986903
짊어지/VV,55.0,1.0,56.0,76.16447981146919
요구수익률/NNG,13.0,9.0,22.0,2.0002792677759587
압승/NNG,15.0,11.0,26.0,1.8883755325157654
행간/NNG,35.0,25.0,60.0,1.9387322133828522
다가선/VV,12.0,8.0,20.0,2.0772130857673416
기승/NNG,12.0,9.0,21.0,1.8464116317931925
예상/NNG;낮/VA,22.0,19.0,41.0,1.603462732873036
한국인/NNG,13.0,7.0,20.0,2.571787629997661
반기/NNG,62.0,56.0,118.0,1.5331810871139901
하늘/NNG,12.0,10.0,22.0,1.6617704686138732
중대재해/NNG,15.0,8.0,23.0,2.596516357209177
순이익/NNG;감소/NNG,19.0,12.0,31.0,2.1926138127544164
착시/NNG,11.0,10.0,21.0,1.523289596229384
gdp/NNG;갭/NNG;플러스/NNG,19.0,12.0,31.0,2.1926138127544164
우려/NNG;금리/NNG;상승/NNG,9.0,8.0,17.0,1.5579098143255063
자원배분/NNG,9.0,8.0,17.0,1.5579098143255063
시납/NNG,10.0,7.0,17.0,1.9782981769212777
오디세이아/NNG,22.0,6.0,28.0,5.07763198743128
가격결정/NNG,13.0,9.0,22.0,2.0002792677759587
성장/NNG;경로/NNG;불확실성/NNG,10.0,9.0,19.0,1.5386763598276605
바우처/NNG,10.0,10.0,20.0,1.3848087238448943
주유소/NNG,38.0,8.0,46.0,6.577841438263248
플레이션/NNG,33.0,12.0,45.0,3.80822399057346
낙찰률/NNG,17.0,13.0,30.0,1.8109037157971697
금전신탁/NNG,52.0,54.0,106.0,1.333519511850639
단기물/NNG;금리/NNG;상승/NNG,14.0,13.0,27.0,1.4913324718329632
인구비중/NNG,19.0,13.0,32.0,2.023951211773307
보임/NNG,55.0,35.0,90.0,2.176127994613405
대용/NNG,16.0,6.0,22.0,3.692823263586386
버냉키쇼크/NNG,21.0,21.0,42.0,1.3848087238448945
철강/NNG,494.0,526.0,1020.0,1.3005618052839882
중국은행/NNG,94.0,45.0,139.0,2.8927115564760015
조원/NNG,3281.0,3390.0,6671.0,1.340282425644572
주택차압/NNG,14.0,8.0,22.0,2.4234152667285653
구성항목/NNG,27.0,24.0,51.0,1.5579098143255063
할지라도/VV,14.0,7.0,21.0,2.7696174476897886
차감/NNG,52.0,50.0,102.0,1.4402010727986903
비난/NNG,18.0,18.0,36.0,1.3848087238448945
저축성/NNG,294.0,279.0,573.0,1.4592608057720393
당황/NNG,14.0,10.0,24.0,1.938732213382852
신정/NNG,14.0,7.0,21.0,2.7696174476897886
불플래트닝/NNG,28.0,19.0,47.0,2.040770750929318
수익창출/NNG,75.0,66.0,141.0,1.573646277096471
최저가/NNG,18.0,13.0,31.0,1.9174274637852387
쓰이/VV,20.0,21.0,41.0,1.318865451280852
재정절벽/NNG,114.0,65.0,179.0,2.4287414541279686
탄핵/NNG,142.0,99.0,241.0,1.9862913008684346
치마/NNG,58.0,21.0,79.0,3.824709808714471
자산/NNG;확대/NNG,9.0,8.0,17.0,1.5579098143255063
소강/NNG,28.0,29.0,57.0,1.3370566988847257
수요견인/NNG,36.0,34.0,70.0,1.4662680605416532
행복/NNG,29.0,27.0,56.0,1.487387147833405
워크/NNG,14.0,6.0,20.0,3.231220355638087
조정안/NNG,14.0,14.0,28.0,1.3848087238448943
설비/NNG;투자/NNG;증가/NNG,12.0,11.0,23.0,1.5107004260126122
기업체/NNG,16.0,14.0,30.0,1.5826385415370223
지급여력비율/NNG,14.0,10.0,24.0,1.938732213382852
스프/NNG,166.0,137.0,303.0,1.6779434172135215
수출금액/NNG,17.0,15.0,32.0,1.569449887024214
부동산투자회사/NNG,14.0,14.0,28.0,1.3848087238448943
장초/NNG,220.0,122.0,342.0,2.4971960593924325
비경쟁인수/NNG,19.0,18.0,37.0,1.4617425418362773
은행법/NNG,25.0,25.0,50.0,1.3848087238448943
롤오버/NNG,48.0,47.0,95.0,1.4142727392458496
부동산정책/NNG,15.0,9.0,24.0,2.3080145397414906
바뀐다/VV,44.0,1.0,45.0,60.93158384917536
유난히/MAG,16.0,11.0,27.0,2.014267234683483
하락/NNG;축소/NNG,14.0,8.0,22.0,2.4234152667285653
미시/NNG,69.0,53.0,122.0,1.8028641876471267
급전/NNG,16.0,16.0,32.0,1.3848087238448945
글로벌/NNG;경기/NNG;회복/NNG,33.0,30.0,63.0,1.5232895962293842
이관/NNG,34.0,29.0,63.0,1.6235688486457385
개개/NNG,12.0,10.0,22.0,1.6617704686138732
나눠/VV,41.0,31.0,72.0,1.8315212154077636
금리/NNG;인상/NNG;충격/NNG,9.0,8.0,17.0,1.5579098143255063
인선/NNG,16.0,14.0,30.0,1.5826385415370223
대외/NNG;불안/NNG,12.0,8.0,20.0,2.0772130857673416
스트레스/NNG,84.0,78.0,162.0,1.4913324718329635
경제/NNG;양호/NNG;성장/NNG,9.0,8.0,17.0,1.5579098143255063
개선/NNG;더디/VA,10.0,8.0,18.0,1.731010904806118
기준율/NNG,12.0,12.0,24.0,1.3848087238448945
경기/NNG;완만/NNG;회복/NNG,12.0,6.0,18.0,2.769617447689789
위험/NNG;크/VV,19.0,19.0,38.0,1.3848087238448945
고정비/NNG;부담/NNG,13.0,10.0,23.0,1.8002513409983627
버퍼/NNG,19.0,16.0,35.0,1.644460359565812
삽입/NNG,21.0,15.0,36.0,1.9387322133828526
제1금융권/NNG,17.0,16.0,33.0,1.4713592690852002
카드/NNG,436.0,304.0,740.0,1.986107248672283
신화/NNG,16.0,12.0,28.0,1.846411631793193
캡틴/NNG,18.0,1.0,19.0,24.9265570292081
유입자금/NNG,17.0,11.0,28.0,2.1401589368512006
금리/NNG;되돌/VV,21.0,19.0,40.0,1.5305780631969887
시장지배력/NNG,17.0,16.0,33.0,1.4713592690852002
손해율/NNG,111.0,42.0,153.0,3.659851627304364
흡수력/NNG,22.0,16.0,38.0,1.90411199528673
발표문/NNG,20.0,21.0,41.0,1.318865451280852
소비자동향조사/NNG,34.0,33.0,67.0,1.426772624567467
고용창출/NNG,84.0,76.0,160.0,1.5305780631969887
기시/NNG,23.0,5.0,28.0,6.370120129686514
채권/NNG;금리/NNG;상승/NNG,82.0,87.0,169.0,1.3052220155779464
소득/NNG;증가/NNG,21.0,17.0,38.0,1.7106460706319286
행순/NNG,19.0,9.0,28.0,2.9234850836725546
예상밖/NNG,77.0,80.0,157.0,1.3328783967007107
도발/NNG,65.0,46.0,111.0,1.9567949358677856
재협상/NNG,71.0,70.0,141.0,1.4045917056141073
경기민감업종/NNG,42.0,33.0,75.0,1.7624838303480477
투자/NNG;부담/NNG,20.0,17.0,37.0,1.62918673393517
문재/NNG,12.0,9.0,21.0,1.8464116317931925
바라/VV,466.0,440.0,906.0,1.4666383302539108
후순위채/NNG,216.0,166.0,382.0,1.8019197852439592
최종결제/NNG,12.0,8.0,20.0,2.0772130857673416
오퍼/NNG,11.0,8.0,19.0,1.90411199528673
단기성/NNG,77.0,42.0,119.0,2.5388159937156396
유로3/NNG,37.0,33.0,70.0,1.5526643267351847
구속/NNG,21.0,21.0,42.0,1.3848087238448945
저하/NNG;추세/NNG,17.0,13.0,30.0,1.8109037157971697
금리/NNG;인상/NNG;어렵/VA,24.0,18.0,42.0,1.8464116317931925
치였/VV,21.0,22.0,43.0,1.3218628727610358
전략팀/NNG,11.0,6.0,17.0,2.53881599371564
오일허브/NNG,53.0,36.0,89.0,2.03874617677165
현역/NNG,9.0,9.0,18.0,1.3848087238448945
불균형/NNG,170.0,172.0,342.0,1.3687062968234422
기물/NNG,24.0,22.0,46.0,1.5107004260126122
채미/NNG,57.0,17.0,74.0,4.643182191715234
소매/NNG;판매/NNG;호조/NNG,9.0,9.0,18.0,1.3848087238448945
일중/NNG,32.0,30.0,62.0,1.4771293054345545
비지표물/NNG,15.0,11.0,26.0,1.8883755325157654
전강후약/NNG,57.0,36.0,93.0,2.192613812754416
외인/NNG,1175.0,1237.0,2412.0,1.3154003642019005
외생/NNG,21.0,16.0,37.0,1.817561450046424
원자재기업/NNG,16.0,4.0,20.0,5.539234895379578
금리/NNG;인상/NNG;부담/NNG,11.0,11.0,22.0,1.3848087238448947
잔존가치/NNG,22.0,5.0,27.0,6.093158384917536
합친/VV,13.0,9.0,22.0,2.0002792677759587
중중/NNG,41.0,36.0,77.0,1.577143268823352
불확실성/NNG;감소/NNG,12.0,7.0,19.0,2.3739578123055334
투자/NNG;모멘텀/NNG,11.0,10.0,21.0,1.523289596229384
모면/NNG,21.0,10.0,31.0,2.9080983200742785
신약/NNG,29.0,29.0,58.0,1.3848087238448947
가뜩이나/MAG,10.0,9.0,19.0,1.5386763598276605
경기/NNG;모멘텀/NNG;둔화/NNG,22.0,20.0,42.0,1.523289596229384
비금융사/NNG,13.0,4.0,17.0,4.500628352495907
보험회사/NNG,29.0,26.0,55.0,1.5445943458269977
원원/NNG,24.0,13.0,37.0,2.556569951713651
고갈/NNG,18.0,12.0,30.0,2.0772130857673416
이미/MAG;금리/NNG;인상/NNG,14.0,12.0,26.0,1.6156101778190435
환원/NNG,90.0,69.0,159.0,1.8062722484933407
제조업/NNG;경기/NNG;회복/NNG,9.0,9.0,18.0,1.3848087238448945
관리감독/NNG,13.0,12.0,25.0,1.5002094508319692
국제/NNG;원자재/NNG;가격/NNG;상승/NNG,11.0,8.0,19.0,1.90411199528673
우대형/NNG,11.0,7.0,18.0,2.176127994613406
상담사/NNG,16.0,3.0,19.0,7.385646527172772
괴리율/NNG,23.0,11.0,34.0,2.895509149857507
디레버리징/NNG,110.0,115.0,225.0,1.3245996488951164
참가/NNG,69.0,70.0,139.0,1.3650257420756815
단기물/NNG;강세/NNG,34.0,33.0,67.0,1.426772624567467
우량등급/NNG,472.0,478.0,950.0,1.3674261875623228
에너지제외지수/NNG,31.0,32.0,63.0,1.3415334512247414
채권시장/NNG;금리/NNG;인상/NNG,16.0,10.0,26.0,2.215693958151831
의료보험/NNG,13.0,13.0,26.0,1.3848087238448945
집중도/NNG,23.0,8.0,31.0,3.9813250810540715
주어진/VV,14.0,13.0,27.0,1.4913324718329632
재정위기/NNG;우려/NNG,26.0,12.0,38.0,3.0004189016639384
양당/NNG,35.0,31.0,66.0,1.5634937204700419
흔하/VA,10.0,9.0,19.0,1.5386763598276605
자본/NNG;유출/NNG;우려/NNG,10.0,9.0,19.0,1.5386763598276605
배당수익률/NNG,86.0,84.0,170.0,1.4177803601269157
상호기금/NNG,12.0,7.0,19.0,2.3739578123055334
정식/NNG,18.0,7.0,25.0,3.5609367184583003
고정자산/NNG,85.0,76.0,161.0,1.5487992306160006
수입/NNG;감소/NNG,22.0,18.0,40.0,1.6925439958104267
채권시장/NNG;우려/NNG,12.0,5.0,17.0,3.3235409372277465
개방/NNG,93.0,98.0,191.0,1.3141552175262772
맹점/NNG,35.0,16.0,51.0,3.0292690834107066
영역/NNG,399.0,425.0,824.0,1.3000910136802657
정책위/NNG,23.0,23.0,46.0,1.3848087238448945
채산성/NNG,18.0,16.0,34.0,1.5579098143255063
겹친/VV,10.0,9.0,19.0,1.5386763598276605
고용자/NNG,18.0,19.0,37.0,1.3119240541688475
점유/NNG,12.0,11.0,23.0,1.5107004260126122
글로벌/NNG;경기/NNG;개선/NNG,22.0,23.0,45.0,1.3245996488951166
변액/NNG,23.0,14.0,37.0,2.2750429034594695
리더십/NNG,20.0,21.0,41.0,1.318865451280852
자산/NNG;성장/NNG,18.0,9.0,27.0,2.769617447689789
택하/VV,10.0,9.0,19.0,1.5386763598276605
수익증권/NNG,40.0,22.0,62.0,2.5178340433543536
정부규제/NNG,13.0,13.0,26.0,1.3848087238448945
파견/NNG,11.0,11.0,22.0,1.3848087238448947
자본이익/NNG,11.0,11.0,22.0,1.3848087238448947
역내외/NNG,13.0,4.0,17.0,4.500628352495907
지급보증/NNG,46.0,46.0,92.0,1.3848087238448945
유가상승/NNG,63.0,52.0,115.0,1.6777490308120837
깊이/NNG,22.0,16.0,38.0,1.90411199528673
내수/NNG;부진/NNG,34.0,34.0,68.0,1.3848087238448945
환매/NNG,165.0,141.0,306.0,1.620520847052536
rqfii/NNG,23.0,6.0,29.0,5.3084334414054295
천호/NNG,33.0,30.0,63.0,1.5232895962293842
진화/NNG,25.0,24.0,49.0,1.4425090873384316
메디케어/NNG,17.0,10.0,27.0,2.3541748305363206
재고자산/NNG,9.0,8.0,17.0,1.5579098143255063
고용증감/NNG,87.0,88.0,175.0,1.3690722610739299
노호/NNG,152.0,74.0,226.0,2.844471973303026
세심/NNG,12.0,12.0,24.0,1.3848087238448945
남북경협/NNG,14.0,12.0,26.0,1.6156101778190435
솔직히/MAG,16.0,11.0,27.0,2.014267234683483
몰락/NNG,15.0,11.0,26.0,1.8883755325157654
수산금융채권/NNG,11.0,10.0,21.0,1.523289596229384
기모/NNG,42.0,24.0,66.0,2.4234152667285658
독립/NNG,105.0,88.0,193.0,1.6523285909512946
북클로징/NNG,83.0,75.0,158.0,1.5325216543883498
손실/NNG;위험/NNG,9.0,9.0,18.0,1.3848087238448945
방정식/NNG,15.0,8.0,23.0,2.596516357209177
화폐발행액/NNG,15.0,4.0,19.0,5.193032714418354
간헐/NNG,11.0,11.0,22.0,1.3848087238448947
후순위/NNG,70.0,65.0,135.0,1.4913324718329632
자치/NNG,20.0,15.0,35.0,1.846411631793193
대칭/NNG,23.0,19.0,42.0,1.6763474025490828
고용/NNG;여건/NNG;개선/NNG,13.0,8.0,21.0,2.2503141762479535
가이드/NNG,11.0,8.0,19.0,1.90411199528673
과도/NNG;스프레드/NNG;축소/NNG,14.0,4.0,18.0,4.846830533457131
신용카드사/NNG,24.0,23.0,47.0,1.4450177987946724
거둘/VV,26.0,17.0,43.0,2.117942754115721
기민/NNG,10.0,9.0,19.0,1.5386763598276605
상술/NNG,11.0,8.0,19.0,1.90411199528673
이동평균/NNG,178.0,148.0,326.0,1.6655131948945352
pf/NNG;위험/NNG,10.0,10.0,20.0,1.3848087238448943
농촌/NNG,38.0,14.0,52.0,3.7587665361504277
소액/NNG,41.0,39.0,80.0,1.4558245558369405
매직/NNG,32.0,23.0,55.0,1.9266903983928967
흥분/NNG,10.0,10.0,20.0,1.3848087238448943
간주/NNG,50.0,47.0,97.0,1.47320077004776
시니어론/NNG,98.0,62.0,160.0,2.1888912086580588
통화정책/NNG;경계/NNG,20.0,14.0,34.0,1.9782981769212777
진폭/NNG,21.0,10.0,31.0,2.9080983200742785
자사주/NNG,79.0,80.0,159.0,1.3674986147968333
근로시간/NNG,59.0,41.0,100.0,1.992773529435336
태세/NNG,9.0,8.0,17.0,1.5579098143255063
장기영역/NNG,133.0,117.0,250.0,1.5741842758236835
근원/NNG;물가/NNG;상승/NNG,14.0,11.0,25.0,1.7624838303480475
지루/NNG,23.0,13.0,36.0,2.4500462037255826
소비/NNG;증가/NNG,26.0,26.0,52.0,1.3848087238448945
입성/NNG,13.0,9.0,22.0,2.0002792677759587
총고정자본형성/NNG,12.0,8.0,20.0,2.0772130857673416
과반수/NNG,22.0,14.0,36.0,2.176127994613406
직접금융/NNG,41.0,19.0,60.0,2.9882714567179303
투자심리/NNG;약화/NNG,22.0,15.0,37.0,2.031052794972512
원화자산/NNG,35.0,19.0,54.0,2.5509634386616478
정량/NNG,22.0,23.0,45.0,1.3245996488951166
해빙/NNG,10.0,9.0,19.0,1.5386763598276605
숙박업/NNG,31.0,26.0,57.0,1.6511180938150665
상호/NNG,85.0,81.0,166.0,1.4531943398372351
자산/NNG;증가/NNG,16.0,12.0,28.0,1.846411631793193
규제가격/NNG,24.0,10.0,34.0,3.3235409372277465
교외/NNG,22.0,5.0,27.0,6.093158384917536
순서/NNG,59.0,53.0,112.0,1.5415795227707316
대각선/NNG,13.0,13.0,26.0,1.3848087238448945
최상위/NNG,55.0,51.0,106.0,1.4934211727739057
기대/NNG;낮/VV,17.0,14.0,31.0,1.681553450383086
여행지/NNG,24.0,1.0,25.0,33.235409372277466
금전/NNG,12.0,11.0,23.0,1.5107004260126122
회사채신속인수제/NNG,27.0,8.0,35.0,4.673729442976518
현물환/NNG,48.0,47.0,95.0,1.4142727392458496
준다/VV,24.0,24.0,48.0,1.3848087238448945
불확실성/NNG;해소/NNG,44.0,41.0,85.0,1.4861361914433016
인수금액/NNG,16.0,11.0,27.0,2.014267234683483
주택담보대출/NNG;증가/NNG,11.0,11.0,22.0,1.3848087238448947
하반/NNG,51.0,23.0,74.0,3.0706628224386794
가산/NNG,51.0,41.0,92.0,1.7225669491729176
내수주/NNG,16.0,6.0,22.0,3.692823263586386
바짝/MAG,10.0,10.0,20.0,1.3848087238448943
녹록/NNG;않/VX,21.0,14.0,35.0,2.0772130857673416
제법/MAG,23.0,17.0,40.0,1.8735647440254457
비리/NNG,24.0,24.0,48.0,1.3848087238448945
潮流/NNG,37.0,1.0,38.0,51.237922782261094
사료/NNG,16.0,13.0,29.0,1.704379967809101
말라/VV,14.0,9.0,23.0,2.1541469037587246
두기/NNG,23.0,7.0,30.0,4.550085806918939
스퀘어/NNG,36.0,19.0,55.0,2.623848108337695
정규/NNG,30.0,21.0,51.0,1.9782981769212777
결정지/VV,11.0,10.0,21.0,1.523289596229384
치발/NNG,13.0,9.0,22.0,2.0002792677759587
유가/NNG;불안/NNG,17.0,17.0,34.0,1.3848087238448945
발동/NNG,84.0,32.0,116.0,3.635122900092848
건설/NNG,1688.0,1696.0,3384.0,1.3782766072229846
주식담보대출/NNG,13.0,8.0,21.0,2.2503141762479535
수요/NNG;압력/NNG,13.0,7.0,20.0,2.571787629997661
관찰대상국/NNG,15.0,9.0,24.0,2.3080145397414906
고용/NNG;감소/NNG,22.0,12.0,34.0,2.53881599371564
안녕/NNG,50.0,16.0,66.0,4.327527262015295
창출력/NNG,70.0,48.0,118.0,2.0195127222738045
순이익률/NNG,16.0,9.0,25.0,2.461882175724257
송금/NNG,26.0,26.0,52.0,1.3848087238448945
우크라이나사태/NNG,34.0,29.0,63.0,1.6235688486457385
상하단/NNG,22.0,22.0,44.0,1.3848087238448947
피에스/NNG,60.0,61.0,121.0,1.3621069414867815
실업수당/NNG,41.0,28.0,69.0,2.0277556313443097
답변/NNG,669.0,564.0,1233.0,1.6426188586032524
위원수/NNG,23.0,5.0,28.0,6.370120129686514
쿠폰금리/NNG,44.0,39.0,83.0,1.5623483038250094
하도급/NNG,12.0,12.0,24.0,1.3848087238448945
금리/NNG;상승/NNG;우려/NNG,14.0,14.0,28.0,1.3848087238448943
리플레이션/NNG,18.0,9.0,27.0,2.769617447689789
인하/NNG;줄/VV,9.0,8.0,17.0,1.5579098143255063
강력매수/NNG,29.0,22.0,51.0,1.8254296814319066
공습/NNG,29.0,28.0,57.0,1.4342661782679265
가치평가/NNG,16.0,12.0,28.0,1.846411631793193
징수/NNG,10.0,9.0,19.0,1.5386763598276605
요금/NNG;인하/NNG,12.0,10.0,22.0,1.6617704686138732
누증/NNG,37.0,16.0,53.0,3.2023701738913184
농업인/NNG,11.0,8.0,19.0,1.90411199528673
만장/NNG,27.0,14.0,41.0,2.670702538843725
환시/NNG,86.0,90.0,176.0,1.3232616694517878
물가/NNG;상승률/NNG;떨어/VV,10.0,7.0,17.0,1.9782981769212777
다행/NNG,32.0,33.0,65.0,1.342844823122322
카드채/NNG,720.0,706.0,1426.0,1.4122695200684476
유추/NNG,15.0,15.0,30.0,1.3848087238448945
참조/NNG,106.0,95.0,201.0,1.545154997132198
자세히/MAG,22.0,15.0,37.0,2.031052794972512
감행/NNG,15.0,8.0,23.0,2.596516357209177
화물/NNG,22.0,18.0,40.0,1.6925439958104267
편편/NNG,9.0,9.0,18.0,1.3848087238448945
저평/NNG,47.0,39.0,86.0,1.668872051813078
균열/NNG,10.0,7.0,17.0,1.9782981769212777
팽창/NNG,59.0,34.0,93.0,2.403050432554376
경기/NNG;모멘텀/NNG;개선/NNG,16.0,16.0,32.0,1.3848087238448945
세분화/NNG,42.0,20.0,62.0,2.9080983200742785
손해액/NNG,15.0,3.0,18.0,6.924043619224473
운신/NNG,14.0,9.0,23.0,2.1541469037587246
음식료품/NNG,9.0,8.0,17.0,1.5579098143255063
제일/NNG,9.0,8.0,17.0,1.5579098143255063
정국/NNG,14.0,10.0,24.0,1.938732213382852
성장/NNG;둔화/NNG;우려/NNG,11.0,10.0,21.0,1.523289596229384
장기부채/NNG,24.0,24.0,48.0,1.3848087238448945
사회보장/NNG,49.0,37.0,86.0,1.8339358775243195
전망/NNG;경기/NNG;회복/NNG,15.0,11.0,26.0,1.8883755325157654
엘에스엠/NNG,34.0,33.0,67.0,1.426772624567467
아파트실거래가격지수/NNG,10.0,7.0,17.0,1.9782981769212777
순매수비중/NNG,38.0,20.0,58.0,2.631136575305299
기준점/NNG,14.0,10.0,24.0,1.938732213382852
신성장동력/NNG,37.0,22.0,59.0,2.328996490102777
신용스프레드/NNG;소폭/MAG;확대/NNG,15.0,7.0,22.0,2.967447265381917
일치/NNG,89.0,67.0,156.0,1.8395220361521731
윤여/NNG,100.0,80.0,180.0,1.7310109048061177
이어서/MAG,57.0,53.0,110.0,1.4893225897954525
상호금융/NNG,22.0,22.0,44.0,1.3848087238448947
두렵/VA,17.0,12.0,29.0,1.9618123587802672
통화/NNG;약세/NNG,35.0,35.0,70.0,1.3848087238448943
기울여야/VV,14.0,7.0,21.0,2.7696174476897886
중소기업진흥공단/NNG,27.0,25.0,52.0,1.495593421752486
지날수록/VV,12.0,11.0,23.0,1.5107004260126122
영업이익/NNG;개선/NNG,14.0,11.0,25.0,1.7624838303480475
전망/NNG;하향/NNG;안정/NNG,11.0,8.0,19.0,1.90411199528673
편향/NNG,22.0,20.0,42.0,1.523289596229384
방만/NNG,11.0,11.0,22.0,1.3848087238448947
납입금/NNG,14.0,12.0,26.0,1.6156101778190435
폴라리스/NNG,101.0,63.0,164.0,2.2200901763227674
여진/NNG,18.0,3.0,21.0,8.308852343069367
금리/NNG;상승/NNG;금리/NNG;상승/NNG,11.0,9.0,20.0,1.6925439958104267
인니/NNG,197.0,189.0,386.0,1.4434249661240435
투자/NNG;축소/NNG,10.0,10.0,20.0,1.3848087238448943
금리/NNG;불안/NNG,9.0,8.0,17.0,1.5579098143255063
조류/NNG,76.0,10.0,86.0,10.524546301221196
투자분석/NNG,14.0,9.0,23.0,2.1541469037587246
주주가치/NNG,21.0,18.0,39.0,1.6156101778190435
재무레버리지/NNG,15.0,4.0,19.0,5.193032714418354
이티/NNG,29.0,19.0,48.0,2.1136554206053653
이슈기업/NNG,18.0,3.0,21.0,8.308852343069367
전약후강/NNG,66.0,32.0,98.0,2.8561679929300947
안정/NNG;효과/NNG,11.0,7.0,18.0,2.176127994613406
이표채/NNG,254.0,238.0,492.0,1.4779051086411898
눈치보/VV,26.0,7.0,33.0,5.143575259995322
유가증권/NNG,360.0,367.0,727.0,1.358395478430959
유량/NNG,11.0,9.0,20.0,1.6925439958104267
긍정적/VAX;영향/NNG;줄/VV,11.0,9.0,20.0,1.6925439958104267
플러스알파/NNG,20.0,1.0,21.0,27.696174476897887
용일/NNG,11.0,11.0,22.0,1.3848087238448947
어쩔/VV,16.0,17.0,33.0,1.303349387148136
시장경제/NNG,10.0,9.0,19.0,1.5386763598276605
회복/NNG;쉽/VA;않/VX,11.0,6.0,17.0,2.53881599371564
유통/NNG,742.0,568.0,1310.0,1.8090282976987884
상관계수/NNG,45.0,23.0,68.0,2.709408372740011
손익분기점/NNG,15.0,13.0,28.0,1.5978562198210322
상용직/NNG,14.0,9.0,23.0,2.1541469037587246
고용자수/NNG;감소/NNG,12.0,10.0,22.0,1.6617704686138732
배달/NNG,20.0,13.0,33.0,2.130474959761376
조달청/NNG,15.0,3.0,18.0,6.924043619224473
사업영역/NNG,16.0,16.0,32.0,1.3848087238448945
가격/NNG;약세/NNG,17.0,15.0,32.0,1.569449887024214
전전/NNG,77.0,20.0,97.0,5.331513586802843
중기채/NNG,12.0,5.0,17.0,3.3235409372277465
국채선물/NNG,3343.0,3024.0,6367.0,1.530891390149961
매트릭스/NNG,16.0,12.0,28.0,1.846411631793193
국민연금기금/NNG,12.0,8.0,20.0,2.0772130857673416
불황형/NNG,16.0,12.0,28.0,1.846411631793193
월별/NNG,209.0,185.0,394.0,1.5644595853166647
만장일치/NNG,261.0,275.0,536.0,1.3143093706309723
내외/NNG;성장/NNG,11.0,10.0,21.0,1.523289596229384
금리/NNG;상승/NNG;모멘텀/NNG,10.0,7.0,17.0,1.9782981769212777
기법/NNG,14.0,12.0,26.0,1.6156101778190435
채권시장/NNG;긍정적/VAX,16.0,15.0,31.0,1.4771293054345545
강자/NNG,15.0,9.0,24.0,2.3080145397414906
예상/NNG;넘/VV,30.0,26.0,56.0,1.5978562198210322
여수신/NNG,11.0,8.0,19.0,1.90411199528673
시시시/NNG,18.0,1.0,19.0,24.9265570292081
환매수/NNG,40.0,38.0,78.0,1.4576933935209415
선수/NNG,10.0,10.0,20.0,1.3848087238448943
쉽사리/MAG,21.0,21.0,42.0,1.3848087238448945
집단행동/NNG,16.0,15.0,31.0,1.4771293054345545
영업력/NNG,9.0,8.0,17.0,1.5579098143255063
무역대표부/NNG,10.0,10.0,20.0,1.3848087238448943
주택사업/NNG,28.0,16.0,44.0,2.4234152667285653
월금/NNG,23.0,15.0,38.0,2.1233733765621716
금리/NNG;하락/NNG;제한적/VAX,14.0,11.0,25.0,1.7624838303480475
어감/NNG,42.0,33.0,75.0,1.7624838303480477
유로존/NNG;개선/NNG,11.0,8.0,19.0,1.90411199528673
리라/NNG,195.0,197.0,392.0,1.3707497520292105
주택가격/NNG;하락/NNG,23.0,21.0,44.0,1.5166952689729798
좌하/NNG,15.0,14.0,29.0,1.4837236326909584
밸류/NNG,182.0,169.0,351.0,1.4913324718329632
상승효과/NNG,17.0,13.0,30.0,1.8109037157971697
디커플링/NNG,52.0,34.0,86.0,2.117942754115721
협박/NNG,12.0,7.0,19.0,2.3739578123055334
금융시장/NNG;변동성/NNG;확대/NNG,27.0,28.0,55.0,1.3353512694218626
사회주의/NNG,14.0,7.0,21.0,2.7696174476897886
일지/NNG,20.0,20.0,40.0,1.3848087238448943
수수수/MAG,19.0,17.0,36.0,1.5477273972384116
금리정상화/NNG,117.0,116.0,233.0,1.3967467300849368
제목/NNG,33.0,13.0,46.0,3.515283683606271
재건축/NNG,66.0,64.0,130.0,1.4280839964650474
신용스프레드/NNG;소폭/MAG;축소/NNG,10.0,9.0,19.0,1.5386763598276605
여겨졌/VV,12.0,12.0,24.0,1.3848087238448945
계열화/NNG,10.0,7.0,17.0,1.9782981769212777
상공/NNG,19.0,14.0,33.0,1.8793832680752138
gdp/NNG;예상/NNG;상회/NNG,12.0,6.0,18.0,2.769617447689789
달래/VV,13.0,11.0,24.0,1.63659212818033
나타난다고/VV,13.0,9.0,22.0,2.0002792677759587
숏커버링/NNG,18.0,18.0,36.0,1.3848087238448945
상환능력/NNG,146.0,121.0,267.0,1.6709262287715254
가근/NNG,39.0,18.0,57.0,3.000418901663938
수로/NNG,13.0,8.0,21.0,2.2503141762479535
상장예비심사/NNG,12.0,5.0,17.0,3.3235409372277465
장소/NNG,12.0,12.0,24.0,1.3848087238448945
소급/NNG,11.0,9.0,20.0,1.6925439958104267
승부/NNG,19.0,9.0,28.0,2.9234850836725546
간격/NNG,36.0,35.0,71.0,1.4243746873833198
목표제/NNG,18.0,17.0,35.0,1.4662680605416532
연소득/NNG,33.0,25.0,58.0,1.8279475154752607
약국/NNG,17.0,9.0,26.0,2.6157498117070226
자산부채/NNG,165.0,66.0,231.0,3.4620218096122364
에르/NNG,15.0,11.0,26.0,1.8883755325157654
역효과/NNG,10.0,10.0,20.0,1.3848087238448943
우스/NNG,19.0,5.0,24.0,5.262273150610598
회동/NNG,18.0,18.0,36.0,1.3848087238448945
은한/NNG,15.0,13.0,28.0,1.5978562198210322
낯선/VA,24.0,8.0,32.0,4.154426171534683
보유기업/NNG,22.0,8.0,30.0,3.80822399057346
스몰딜/NNG,10.0,10.0,20.0,1.3848087238448943
대내외/NNG;경기/NNG;불확실성/NNG,41.0,31.0,72.0,1.8315212154077636
대략/NNG,17.0,15.0,32.0,1.569449887024214
대리인/NNG,14.0,8.0,22.0,2.4234152667285653
끼얹/VV,20.0,20.0,40.0,1.3848087238448943
민간/NNG;소비/NNG;회복/NNG,19.0,20.0,39.0,1.3155682876526495
자산/NNG;가격/NNG;상승/NNG,30.0,19.0,49.0,2.1865400902814125
예외/NNG,57.0,59.0,116.0,1.3378660552399826
기업금융/NNG,78.0,80.0,158.0,1.3501885057487721
사도/NNG,15.0,11.0,26.0,1.8883755325157654
한번/MAG,17.0,16.0,33.0,1.4713592690852002
탄성/NNG,17.0,10.0,27.0,2.3541748305363206
총동원/NNG,12.0,5.0,17.0,3.3235409372277465
어울리/VV,11.0,9.0,20.0,1.6925439958104267
작성/NNG,1366.0,1449.0,2815.0,1.3054856568475677
건설/NNG;투자/NNG;부진/NNG,9.0,8.0,17.0,1.5579098143255063
수령/NNG,39.0,40.0,79.0,1.3501885057487721
주보/NNG,21.0,22.0,43.0,1.3218628727610358
출현/NNG,26.0,27.0,53.0,1.333519511850639
패턴/NNG,360.0,287.0,647.0,1.7370423016869756
세기/NNG,23.0,12.0,35.0,2.6542167207027147
취임/NNG,102.0,98.0,200.0,1.441331528899788
비유동자산/NNG,15.0,5.0,20.0,4.154426171534683
통장/NNG,93.0,76.0,169.0,1.6945685699680944
코끼리/NNG,15.0,2.0,17.0,10.386065428836709
간월/NNG,31.0,20.0,51.0,2.1464535219595864
한매/NNG,96.0,19.0,115.0,6.996928288900519
준칙/NNG,12.0,12.0,24.0,1.3848087238448945
오일쇼크/NNG,32.0,23.0,55.0,1.9266903983928967
단기물/NNG;약세/NNG,24.0,21.0,45.0,1.582638541537022
자본시장법/NNG,18.0,14.0,32.0,1.7804683592291501
어떠/NNG,1760.0,1864.0,3624.0,1.3075447177934625
취업자/NNG,136.0,126.0,262.0,1.4947141781182989
자본증권/NNG,89.0,84.0,173.0,1.4672378145499476
산업/NNG;생산/NNG;부진/NNG,16.0,6.0,22.0,3.692823263586386
신용위험평가/NNG,26.0,12.0,38.0,3.0004189016639384
등급간/NNG,91.0,83.0,174.0,1.518284263492595
본원/NNG,18.0,17.0,35.0,1.4662680605416532
연연/NNG,9.0,8.0,17.0,1.5579098143255063
선택법/NNG,21.0,7.0,28.0,4.154426171534683
유념/NNG,36.0,30.0,66.0,1.6617704686138737
과잉/NNG,176.0,187.0,363.0,1.303349387148136
속하/VV,35.0,31.0,66.0,1.5634937204700419
왜곡/NNG,73.0,55.0,128.0,1.8380188516486782
bbb+등급/NNG,24.0,24.0,48.0,1.3848087238448945
경기/NNG;호전/NNG,11.0,7.0,18.0,2.176127994613406
서경/NNG,183.0,149.0,332.0,1.700805345393394
매번/MAG,15.0,9.0,24.0,2.3080145397414906
외화차입/NNG,21.0,14.0,35.0,2.0772130857673416
고등급/NNG,10.0,8.0,18.0,1.731010904806118
대체자산/NNG,33.0,14.0,47.0,3.2641919919201086
양대/NNG,9.0,8.0,17.0,1.5579098143255063
내세운/VV,17.0,15.0,32.0,1.569449887024214
금리/NNG;낙폭/NNG;확대/NNG,19.0,15.0,34.0,1.7540910502035332
숙제/NNG,22.0,23.0,45.0,1.3245996488951166
하방/NNG;경직/NNG,10.0,10.0,20.0,1.3848087238448943
보장성보험/NNG,28.0,5.0,33.0,7.754928853531408
글로벌/NNG;경기/NNG;침체/NNG;우려/NNG,9.0,8.0,17.0,1.5579098143255063
가늠/NNG,122.0,110.0,232.0,1.5358787664461557
법정최고금리/NNG,18.0,10.0,28.0,2.49265570292081
장단기스프레드/NNG;축소/NNG,56.0,42.0,98.0,1.8464116317931925
매니페스토/NNG,16.0,1.0,17.0,22.156939581518312
무더기/NNG,9.0,9.0,18.0,1.3848087238448945
예치금/NNG,79.0,57.0,136.0,1.91929630146924
외부자금/NNG,21.0,17.0,38.0,1.7106460706319286
발행시장/NNG;호조/NNG,12.0,5.0,17.0,3.3235409372277465
야기/NNG,123.0,117.0,240.0,1.4558245558369405
자본/NNG;감소/NNG,13.0,5.0,18.0,3.6005026819967254
주주/NNG,276.0,230.0,506.0,1.6617704686138732
경과/NNG,79.0,80.0,159.0,1.3674986147968333
심리/NNG;부담/NNG,16.0,14.0,30.0,1.5826385415370223
용어/NNG,18.0,18.0,36.0,1.3848087238448945
금리갭/NNG;축소/NNG,16.0,17.0,33.0,1.303349387148136
디폴트옵션/NNG,27.0,22.0,49.0,1.6995379792641887
연이/VV,90.0,94.0,184.0,1.325880693042984
행태/NNG,52.0,51.0,103.0,1.4119618360771473
재무/NNG;부담/NNG;확대/NNG,17.0,16.0,33.0,1.4713592690852002
경제/NNG;호조/NNG,17.0,14.0,31.0,1.681553450383086
소비지/NNG,13.0,4.0,17.0,4.500628352495907
단호/NNG,12.0,10.0,22.0,1.6617704686138732
채권시장/NNG;우호적/VAX,47.0,41.0,88.0,1.5874636590417082
내수/NNG;확대/NNG,13.0,7.0,20.0,2.571787629997661
고성장/NNG,38.0,40.0,78.0,1.3155682876526495
다각도/NNG,12.0,5.0,17.0,3.3235409372277465
eps/NNG,178.0,188.0,366.0,1.3111486853425065
기인/NNG,345.0,362.0,707.0,1.3197762699626756
인플레이션/NNG;우려/NNG,39.0,30.0,69.0,1.8002513409983631
개방형펀드/NNG,23.0,2.0,25.0,15.925300324216286
전입액/NNG,49.0,13.0,62.0,5.219663651415371
비상장/NNG,82.0,19.0,101.0,5.9765429134358605
연방정부/NNG,105.0,72.0,177.0,2.019512722273804
신용위기/NNG,24.0,24.0,48.0,1.3848087238448945
우량자산/NNG,14.0,6.0,20.0,3.231220355638087
사업비/NNG,55.0,37.0,92.0,2.058499454364032
변경상장/NNG,13.0,5.0,18.0,3.6005026819967254
글로벌/NNG;경기/NNG;부진/NNG,9.0,9.0,18.0,1.3848087238448945
서부텍사스산원유/NNG;가격/NNG;오르/VV,14.0,8.0,22.0,2.4234152667285653
외연/NNG,11.0,7.0,18.0,2.176127994613406
과매도/NNG,47.0,23.0,70.0,2.829826522639567
전망/NNG;지지/NNG,9.0,8.0,17.0,1.5579098143255063
만호/NNG,10.0,8.0,18.0,1.731010904806118
국고채/NNG;입찰/NNG;호조/NNG,22.0,11.0,33.0,2.7696174476897895
위험/NNG;축소/NNG,16.0,7.0,23.0,3.1652770830740447
엄격/NNG,49.0,19.0,68.0,3.571348814126307
협력업체/NNG,41.0,20.0,61.0,2.8388578838820333
초과유동성/NNG,20.0,4.0,24.0,6.924043619224472
투자수익률/NNG,151.0,142.0,293.0,1.4725782908491485
기본소득/NNG,10.0,8.0,18.0,1.731010904806118
꺼지/VV,19.0,14.0,33.0,1.8793832680752138
무화/NNG,17.0,10.0,27.0,2.3541748305363206
리볼빙/NNG,51.0,39.0,90.0,1.81090371579717
전망/NNG;하향/NNG;전망/NNG;하향/NNG,26.0,25.0,51.0,1.4402010727986903
듀레이션/NNG;증가/NNG,16.0,9.0,25.0,2.461882175724257
광산업/NNG,14.0,10.0,24.0,1.938732213382852
회자/NNG,15.0,14.0,29.0,1.4837236326909584
공상/NNG,30.0,9.0,39.0,4.616029079482981
경상/NNG;수지/NNG;적자/NNG,14.0,12.0,26.0,1.6156101778190435
몰아주/VV,24.0,7.0,31.0,4.747915624611067
지표/NNG;상승/NNG,12.0,12.0,24.0,1.3848087238448945
공방/NNG,35.0,35.0,70.0,1.3848087238448943
알려짐/VV,11.0,10.0,21.0,1.523289596229384
실험/NNG,23.0,19.0,42.0,1.6763474025490828
지출비중/NNG,22.0,11.0,33.0,2.7696174476897895
차례차례/MAG,19.0,13.0,32.0,2.023951211773307
일계/NNG,13.0,6.0,19.0,3.0004189016639384
본토/NNG,66.0,56.0,122.0,1.6320959959600543
드레드/NNG,31.0,31.0,62.0,1.3848087238448943
월래/NNG,45.0,42.0,87.0,1.4837236326909584
dps/NNG,50.0,12.0,62.0,5.770036349353727
국의/NNG,11.0,11.0,22.0,1.3848087238448947
순응/NNG,15.0,7.0,22.0,2.967447265381917
순이익/NNG,421.0,402.0,823.0,1.4502598824345785
보육/NNG,10.0,7.0,17.0,1.9782981769212777
이해관계/NNG,35.0,31.0,66.0,1.5634937204700419
논쟁/NNG,62.0,50.0,112.0,1.717162817567669
정부보증채/NNG,13.0,10.0,23.0,1.8002513409983627
분사/NNG,23.0,22.0,45.0,1.4477545749287535
산업은행/NNG,335.0,336.0,671.0,1.380687269309642
국고채/NNG;금리/NNG;인하/NNG,11.0,9.0,20.0,1.6925439958104267
유혹/NNG,13.0,7.0,20.0,2.571787629997661
매수강도/NNG,34.0,35.0,69.0,1.3452427603064687
교통공사/NNG,17.0,12.0,29.0,1.9618123587802672
소기업낙관지수/NNG,19.0,16.0,35.0,1.644460359565812
소프트/NNG,13.0,5.0,18.0,3.6005026819967254
위험가중자산/NNG,20.0,12.0,32.0,2.308014539741491
심판/NNG,13.0,7.0,20.0,2.571787629997661
경제/NNG;안정/NNG;성장/NNG,11.0,6.0,17.0,2.53881599371564
박자/NNG,11.0,9.0,20.0,1.6925439958104267
반격/NNG,10.0,9.0,19.0,1.5386763598276605
필라델피아제조업지수/NNG,18.0,10.0,28.0,2.49265570292081
공급/NNG;차질/NNG,13.0,10.0,23.0,1.8002513409983627
단일시장/NNG,24.0,7.0,31.0,4.747915624611067
덧붙여/VV,18.0,14.0,32.0,1.7804683592291501
순발행금액/NNG,77.0,68.0,145.0,1.5680922314126011
기장/NNG,13.0,9.0,22.0,2.0002792677759587
식료품/NNG,134.0,130.0,264.0,1.4274182230401222
취급액/NNG,40.0,40.0,80.0,1.3848087238448943
수요예측/NNG;흥행/NNG;성공/NNG,14.0,7.0,21.0,2.7696174476897886
국고채/NNG;통안채/NNG;스프레드/NNG;확대/NNG,59.0,13.0,72.0,6.28490113129606
세전이익/NNG,87.0,25.0,112.0,4.819134358980232
측정/NNG,86.0,89.0,175.0,1.3381297780973136
일변도/NNG,11.0,11.0,22.0,1.3848087238448947
중장기물/NNG,205.0,184.0,389.0,1.5428575455880615
권함/VV,10.0,9.0,19.0,1.5386763598276605
이렇/VA,37.0,39.0,76.0,1.3137928918528488
금융안정보고서/NNG,32.0,16.0,48.0,2.769617447689789
투자등급채/NNG,36.0,23.0,59.0,2.1675266981920087
코코/NNG,23.0,5.0,28.0,6.370120129686514
화이트리스트/NNG,24.0,21.0,45.0,1.582638541537022
플랜/NNG,19.0,17.0,36.0,1.5477273972384116
붉은색/NNG,24.0,23.0,47.0,1.4450177987946724
어렵/VA;금리/NNG;인하/NNG,11.0,11.0,22.0,1.3848087238448947
현금성자산/NNG,88.0,90.0,178.0,1.3540351966483413
금리/NNG;상단/NNG;제한/NNG,10.0,9.0,19.0,1.5386763598276605
bps/NNG,85.0,90.0,175.0,1.3078749058535115
발행가액/NNG,10.0,10.0,20.0,1.3848087238448943
채권/NNG;금리/NNG;급등/NNG,19.0,20.0,39.0,1.3155682876526495
정치/NNG;불확실성/NNG;확대/NNG,14.0,9.0,23.0,2.1541469037587246
계정/NNG,130.0,92.0,222.0,1.9567949358677856
지주/NNG,260.0,215.0,475.0,1.6746524102310354
하락/NNG;효과/NNG,23.0,22.0,45.0,1.4477545749287535
다트/NNG,17.0,15.0,32.0,1.569449887024214
채권시장/NNG;강세/NNG,118.0,122.0,240.0,1.3394051591286684
금리/NNG;넘/VV,16.0,13.0,29.0,1.704379967809101
세계화/NNG,32.0,21.0,53.0,2.1101847220493632
중시/NNG,54.0,46.0,100.0,1.6256450236440065
전통자산/NNG,12.0,6.0,18.0,2.769617447689789
달러자산/NNG,15.0,10.0,25.0,2.0772130857673416
저축/NNG,260.0,261.0,521.0,1.3795029432937647
기류/NNG,14.0,12.0,26.0,1.6156101778190435
접종/NNG,28.0,16.0,44.0,2.4234152667285653
재무/NNG;위험/NNG,9.0,9.0,18.0,1.3848087238448945
회계법인/NNG,22.0,23.0,45.0,1.3245996488951166
번주/NNG,26.0,11.0,37.0,3.27318425636066
연체율/NNG;상승/NNG,16.0,16.0,32.0,1.3848087238448945
국방비/NNG,23.0,13.0,36.0,2.4500462037255826
cds/NNG;스프레드/NNG;축소/NNG,11.0,10.0,21.0,1.523289596229384
인상/NNG;어렵/VA,13.0,5.0,18.0,3.6005026819967254
미사일/NNG,49.0,43.0,92.0,1.5780378481023216
국지/NNG,17.0,15.0,32.0,1.569449887024214
연매/NNG,13.0,6.0,19.0,3.0004189016639384
일부구간/NNG,14.0,5.0,19.0,3.877464426765704
국채입찰/NNG,82.0,67.0,149.0,1.6948405276907663
대리/NNG,10.0,9.0,19.0,1.5386763598276605
fed/NNG;자산/NNG;축소/NNG,14.0,11.0,25.0,1.7624838303480475
표하/VV,12.0,8.0,20.0,2.0772130857673416
실리/NNG,13.0,9.0,22.0,2.0002792677759587
돌이켜/VV,20.0,16.0,36.0,1.731010904806118
실물/NNG;경제/NNG;회복/NNG,12.0,9.0,21.0,1.8464116317931925
중증/NNG,10.0,7.0,17.0,1.9782981769212777
막연/NNG,22.0,19.0,41.0,1.603462732873036
글로벌/NNG;경기/NNG;둔화/NNG,28.0,29.0,57.0,1.3370566988847257
대담/NNG,13.0,12.0,25.0,1.5002094508319692
정책/NNG;불확실성/NNG;해소/NNG,12.0,5.0,17.0,3.3235409372277465
논하/VV,26.0,19.0,45.0,1.8950014115772242
물가/NNG;상승률/NNG;높/VA,17.0,14.0,31.0,1.681553450383086
경기/NNG;불안/NNG,11.0,11.0,22.0,1.3848087238448947
추진력/NNG,15.0,14.0,29.0,1.4837236326909584
자금부족/NNG,20.0,9.0,29.0,3.077352719655321
일반공모/NNG,19.0,12.0,31.0,2.1926138127544164
경제/NNG;성장/NNG,77.0,81.0,158.0,1.316423107852554
변질/NNG,13.0,6.0,19.0,3.0004189016639384
영업외비용/NNG,13.0,5.0,18.0,3.6005026819967254
내각/NNG,24.0,14.0,38.0,2.3739578123055334
맴돌/VV,14.0,10.0,24.0,1.938732213382852
무너/VV,79.0,54.0,133.0,2.0259238737730865
경기/NNG;과열/NNG,9.0,8.0,17.0,1.5579098143255063
홍콩h주/NNG,119.0,110.0,229.0,1.4981112557958403
다가서/VV,19.0,17.0,36.0,1.5477273972384116
예상/NNG;금리/NNG;인상/NNG,20.0,12.0,32.0,2.308014539741491
만만/NNG,65.0,48.0,113.0,1.8752618135399615
도소매/NNG,63.0,55.0,118.0,1.5862354473132427
소관/NNG,14.0,9.0,23.0,2.1541469037587246
별주/NNG,74.0,2.0,76.0,51.237922782261094
상향/NNG;하향/NNG,16.0,14.0,30.0,1.5826385415370223
a등급/NNG,501.0,441.0,942.0,1.5732180740278734
정액/NNG,23.0,15.0,38.0,2.1233733765621716
소프트패치/NNG,26.0,13.0,39.0,2.769617447689789
공모/NNG,505.0,478.0,983.0,1.463030137116468
마냥/MAG,26.0,25.0,51.0,1.4402010727986903
공무원연금/NNG,11.0,9.0,20.0,1.6925439958104267
디폴트/NNG;우려/NNG,10.0,8.0,18.0,1.731010904806118
긴축/NNG;효과/NNG,12.0,10.0,22.0,1.6617704686138732
공시이율/NNG,42.0,8.0,50.0,7.270245800185696
일관/NNG,52.0,55.0,107.0,1.3092737025442638
지리/NNG,18.0,13.0,31.0,1.9174274637852387
회전신용/NNG,13.0,9.0,22.0,2.0002792677759587
문턱/NNG,32.0,28.0,60.0,1.5826385415370223
외환규제/NNG,55.0,28.0,83.0,2.720159993266757
호반/NNG,46.0,28.0,74.0,2.2750429034594695
세이프가드/NNG,11.0,9.0,20.0,1.6925439958104267
반정부/NNG,21.0,8.0,29.0,3.635122900092848
신규물/NNG,10.0,8.0,18.0,1.731010904806118
도심/NNG,46.0,43.0,89.0,1.481423285973608
호흡/NNG,18.0,15.0,33.0,1.6617704686138737
공산당/NNG,23.0,16.0,39.0,1.9906625405270357
bbb등급/NNG,137.0,111.0,248.0,1.7091783348355907
루피/NNG,270.0,235.0,505.0,1.591056831651581
불식/NNG,16.0,16.0,32.0,1.3848087238448945
그저/MAG,12.0,12.0,24.0,1.3848087238448945
불확실성/NNG;확대/NNG,41.0,41.0,82.0,1.3848087238448943
권고/NNG,155.0,159.0,314.0,1.3499707685280418
주전/NNG,373.0,353.0,726.0,1.4632681416264748
복사/NNG,49.0,34.0,83.0,1.9957537490705832
신계약/NNG,57.0,21.0,78.0,3.7587665361504277
높/VA;증가/NNG,20.0,15.0,35.0,1.846411631793193
역내/NNG,51.0,50.0,101.0,1.4125048983217925
지급여력/NNG,12.0,10.0,22.0,1.6617704686138732
소득대체율/NNG,15.0,2.0,17.0,10.386065428836709
하드/NNG,16.0,2.0,18.0,11.078469790759156
임대업/NNG,48.0,44.0,92.0,1.5107004260126122
우려/NNG;낮/VA,15.0,11.0,26.0,1.8883755325157654
속내/NNG,11.0,8.0,19.0,1.90411199528673
cd/NNG;금리/NNG;상승/NNG,24.0,19.0,43.0,1.7492320722251298
물가/NNG;충격/NNG,22.0,13.0,35.0,2.343522455737514
선회/NNG,80.0,63.0,143.0,1.7584872683744692
대출/NNG;줄/VV,11.0,7.0,18.0,2.176127994613406
보유세/NNG,11.0,7.0,18.0,2.176127994613406
하단/NNG;지지/NNG,20.0,19.0,39.0,1.4576933935209415
등락폭/NNG,14.0,11.0,25.0,1.7624838303480475
시정/NNG,13.0,13.0,26.0,1.3848087238448945
자이/NNG,13.0,13.0,26.0,1.3848087238448945
차별/NNG,88.0,90.0,178.0,1.3540351966483413
생산설비/NNG,30.0,24.0,54.0,1.7310109048061182
월비/NNG,82.0,85.0,167.0,1.3359331218268393
인민/NNG,25.0,8.0,33.0,4.327527262015295
회색/NNG,18.0,12.0,30.0,2.0772130857673416
물가/NNG;상승/NNG;압력/NNG,40.0,33.0,73.0,1.6785560289029025
동그라미/NNG,35.0,35.0,70.0,1.3848087238448943
언제/MAG,67.0,63.0,130.0,1.472733087263618
위험/NNG;우려/NNG,17.0,9.0,26.0,2.6157498117070226
오성/NNG,64.0,63.0,127.0,1.4067898146995754
ndf시장/NNG,19.0,12.0,31.0,2.1926138127544164
단속/NNG,15.0,9.0,24.0,2.3080145397414906
한참/NNG,18.0,11.0,29.0,2.2660506390189186
갈수록/MAG,171.0,168.0,339.0,1.4095374510564105
고찰/NNG,20.0,14.0,34.0,1.9782981769212777
템플/NNG,16.0,5.0,21.0,4.431387916303662
광명/NNG,36.0,10.0,46.0,4.98531140584162
계절성/NNG,46.0,48.0,94.0,1.3271083603513574
기대/NNG;강세/NNG,15.0,11.0,26.0,1.8883755325157654
전략/NNG,2851.0,2110.0,4961.0,1.8711325458207555
신청서/NNG,14.0,11.0,25.0,1.7624838303480475
아웃풋갭/NNG,29.0,20.0,49.0,2.007972649575097
살피/VV,232.0,194.0,426.0,1.6560599171753378
채권/NNG;선호/NNG,10.0,10.0,20.0,1.3848087238448943
종신/NNG,25.0,25.0,50.0,1.3848087238448943
재고율/NNG,26.0,19.0,45.0,1.8950014115772242
나래/NNG,22.0,22.0,44.0,1.3848087238448947
소문/NNG,19.0,14.0,33.0,1.8793832680752138
전망/NNG;긍정적/VAX,21.0,18.0,39.0,1.6156101778190435
발행주식수/NNG,18.0,5.0,23.0,4.98531140584162
단단/NNG,22.0,13.0,35.0,2.343522455737514
일으켰/VV,10.0,9.0,19.0,1.5386763598276605
지인/NNG,13.0,13.0,26.0,1.3848087238448945
열악/NNG,13.0,13.0,26.0,1.3848087238448945
질의/NNG,173.0,70.0,243.0,3.4224558460738104
기업/NNG;실적/NNG;부진/NNG,13.0,8.0,21.0,2.2503141762479535
수출입금융/NNG,53.0,50.0,103.0,1.467897247275588
스모/NNG,88.0,87.0,175.0,1.4007260654982843
풋옵션/NNG,16.0,15.0,31.0,1.4771293054345545
주춤/MAG,186.0,182.0,368.0,1.415244080412914
입법화/NNG,21.0,13.0,34.0,2.236998707749445
조립/NNG,13.0,11.0,24.0,1.63659212818033
보완자본/NNG,38.0,24.0,62.0,2.1926138127544164
단기/NNG;금리/NNG;상승/NNG,34.0,27.0,61.0,1.7438332078046819
보입니다/VV,30.0,19.0,49.0,2.1865400902814125
어음/NNG,37.0,32.0,69.0,1.6011850869456592
바이백/NNG,129.0,57.0,186.0,3.1340407960700243
벌거벗/VV,30.0,1.0,31.0,41.544261715346835
매달/MAG,52.0,51.0,103.0,1.4119618360771473
국고채/NNG;수익률/NNG;하락/NNG,19.0,14.0,33.0,1.8793832680752138
직책/NNG,18.0,12.0,30.0,2.0772130857673416
노령화/NNG,9.0,9.0,18.0,1.3848087238448945
공동주택/NNG,29.0,16.0,45.0,2.5099658119688715
자금사정/NNG,53.0,21.0,74.0,3.4949934458942575
실성/NNG,17.0,6.0,23.0,3.9236247175605343
타국/NNG,14.0,14.0,28.0,1.3848087238448943
스몰캡/NNG,11.0,11.0,22.0,1.3848087238448947
대내외/NNG;불확실성/NNG,29.0,26.0,55.0,1.5445943458269977
매도헤지/NNG,14.0,14.0,28.0,1.3848087238448943
디플레이션갭/NNG,52.0,48.0,100.0,1.5002094508319692
산식/NNG,31.0,32.0,63.0,1.3415334512247414
건보/NNG,18.0,5.0,23.0,4.98531140584162
개구리/NNG,21.0,9.0,30.0,3.231220355638087
내부거래/NNG,22.0,3.0,25.0,10.15526397486256
적기시정조치/NNG,12.0,6.0,18.0,2.769617447689789
불평등/NNG,33.0,4.0,37.0,11.424671971720379
선형/NNG,13.0,12.0,25.0,1.5002094508319692
부동산/NNG;가격/NNG;하락/NNG,18.0,17.0,35.0,1.4662680605416532
외화증권/NNG,18.0,11.0,29.0,2.2660506390189186
물가/NNG;상승/NNG;압력/NNG;높/VA,10.0,10.0,20.0,1.3848087238448943
김영란법/NNG,11.0,6.0,17.0,2.53881599371564
긴축/NNG;전환/NNG,22.0,21.0,43.0,1.4507519964089373
민간/NNG;소비/NNG;둔화/NNG,10.0,7.0,17.0,1.9782981769212777
이직률/NNG,12.0,8.0,20.0,2.0772130857673416
하락/NNG;부정적/VAX,17.0,12.0,29.0,1.9618123587802672
남동/NNG,11.0,6.0,17.0,2.53881599371564
보험자산/NNG,173.0,128.0,301.0,1.8716555408216151
입증/NNG,44.0,35.0,79.0,1.7409023956907246
성립/NNG,14.0,11.0,25.0,1.7624838303480475
회사채/NNG;수요예측/NNG;흥행/NNG,12.0,12.0,24.0,1.3848087238448945
명목채/NNG,27.0,13.0,40.0,2.876141195677858
국유/NNG,36.0,23.0,59.0,2.1675266981920087
금리/NNG;추세/NNG;상승/NNG,11.0,9.0,20.0,1.6925439958104267
부동산/NNG;경기/NNG;둔화/NNG,13.0,7.0,20.0,2.571787629997661
반대표/NNG,14.0,11.0,25.0,1.7624838303480475
회복/NNG;더디/VA,9.0,8.0,17.0,1.5579098143255063
내외/NNG;금리갭/NNG;축소/NNG,12.0,11.0,23.0,1.5107004260126122
출자금/NNG,16.0,7.0,23.0,3.1652770830740447
변동성/NNG;낮/VA,13.0,13.0,26.0,1.3848087238448945
셰어/NNG,15.0,15.0,30.0,1.3848087238448945
자명/NNG,11.0,7.0,18.0,2.176127994613406
성장/NNG;경로/NNG;하방/NNG;위험/NNG,11.0,7.0,18.0,2.176127994613406
경기/NNG;부진/NNG,51.0,45.0,96.0,1.5694498870242137
첨단산업/NNG,23.0,12.0,35.0,2.6542167207027147
평년/NNG,14.0,14.0,28.0,1.3848087238448943
신용등급/NNG;강등/NNG,46.0,45.0,91.0,1.4155822510414477
원내대표/NNG,20.0,12.0,32.0,2.308014539741491
고용/NNG;늘/VV,13.0,10.0,23.0,1.8002513409983627
소비자/NNG;물가/NNG;상승률/NNG;둔화/NNG,9.0,8.0,17.0,1.5579098143255063
대여/NNG,61.0,64.0,125.0,1.319895814914665
매도가능증권/NNG,16.0,2.0,18.0,11.078469790759156
바닥/NNG,347.0,342.0,689.0,1.4050544654215742
결성/NNG,15.0,14.0,29.0,1.4837236326909584
경제동향/NNG,62.0,28.0,90.0,3.0663621742279803
유심히/MAG,11.0,9.0,20.0,1.6925439958104267
주택시장/NNG;안정/NNG,11.0,8.0,19.0,1.90411199528673
제지/NNG,87.0,75.0,162.0,1.6063781196600775
중의원/NNG,17.0,8.0,25.0,2.9427185381704004
편입종목/NNG,39.0,38.0,77.0,1.4212510586829181
기대/NNG;하회/NNG,11.0,7.0,18.0,2.176127994613406
대치/NNG,20.0,17.0,37.0,1.62918673393517
환영/NNG,33.0,24.0,57.0,1.90411199528673
산업활동/NNG,154.0,151.0,305.0,1.412321479947773
우버/NNG,16.0,10.0,26.0,2.215693958151831
양극화/NNG,191.0,147.0,338.0,1.7993092942474476
경제/NNG;확장/NNG,9.0,9.0,18.0,1.3848087238448945
파마/NNG,10.0,9.0,19.0,1.5386763598276605
노동시장/NNG;개선/NNG,10.0,9.0,19.0,1.5386763598276605
오직/MAG,11.0,11.0,22.0,1.3848087238448947
유로5/NNG,26.0,21.0,47.0,1.7145250866651076
예산편성/NNG,13.0,12.0,25.0,1.5002094508319692
시장지위/NNG,64.0,47.0,111.0,1.885696985661133
경제/NNG;견실/NNG;성장/NNG,14.0,7.0,21.0,2.7696174476897886
윤창/NNG,172.0,64.0,236.0,3.7216734453331535
호재/NNG,399.0,375.0,774.0,1.4734364821709678
책임준비금/NNG,72.0,18.0,90.0,5.539234895379578
완충/NNG,107.0,107.0,214.0,1.3848087238448943
입법/NNG,37.0,28.0,65.0,1.8299258136521819
진보/NNG,23.0,9.0,32.0,3.538955627603619
활주로/NNG,25.0,3.0,28.0,11.540072698707453
페이퍼/NNG,30.0,12.0,42.0,3.4620218096122364
상장채권/NNG,14.0,9.0,23.0,2.1541469037587246
유통시장/NNG,371.0,364.0,735.0,1.411439660841912
연기금/NNG,529.0,544.0,1073.0,1.3466246597682892
주택담보/NNG,14.0,11.0,25.0,1.7624838303480475
예산정책처/NNG,12.0,8.0,20.0,2.0772130857673416
최대/NNG;상승/NNG,11.0,7.0,18.0,2.176127994613406
자동/NNG,116.0,87.0,203.0,1.8464116317931927
소각/NNG,21.0,14.0,35.0,2.0772130857673416
상치/NNG,64.0,57.0,121.0,1.5548729530890044
원천징수/NNG,18.0,14.0,32.0,1.7804683592291501
유효경쟁/NNG,390.0,411.0,801.0,1.314052073721433
이념/NNG,17.0,7.0,24.0,3.363106900766172
약화/NNG;우려/NNG,10.0,8.0,18.0,1.731010904806118
행정/NNG,68.0,64.0,132.0,1.4713592690852002
사격/NNG,16.0,10.0,26.0,2.215693958151831
선수금/NNG,26.0,26.0,52.0,1.3848087238448945
우수기업/NNG,16.0,6.0,22.0,3.692823263586386
시장조성자/NNG,14.0,4.0,18.0,4.846830533457131
엔지니어링/NNG,31.0,25.0,56.0,1.717162817567669
대상기업/NNG,62.0,66.0,128.0,1.3008809223997493
비대칭/NNG,27.0,15.0,42.0,2.49265570292081
탄생/NNG,19.0,20.0,39.0,1.3155682876526495
개헌/NNG,9.0,8.0,17.0,1.5579098143255063
기대/NNG;줄/VV,10.0,9.0,19.0,1.5386763598276605
아웃퍼폼/NNG,146.0,119.0,265.0,1.6990090225323917
필연/NNG,18.0,18.0,36.0,1.3848087238448945
분양대금/NNG,12.0,7.0,19.0,2.3739578123055334
자본/NNG,1547.0,1634.0,3181.0,1.3110765580098236
관리비/NNG,11.0,7.0,18.0,2.176127994613406
결손/NNG,18.0,17.0,35.0,1.4662680605416532
자산계정/NNG,20.0,5.0,25.0,5.539234895379577
선발행/NNG,35.0,11.0,46.0,4.406209575870119
물가안정목표제/NNG,47.0,41.0,88.0,1.5874636590417082
스퀴즈/NNG,16.0,2.0,18.0,11.078469790759156
잔치/NNG,13.0,5.0,18.0,3.6005026819967254
대부업/NNG,51.0,24.0,75.0,2.9427185381704013
평점/NNG,9.0,9.0,18.0,1.3848087238448945
수출경합도/NNG,10.0,10.0,20.0,1.3848087238448943
일감/NNG,25.0,8.0,33.0,4.327527262015295
뉘앙스/NNG,23.0,13.0,36.0,2.4500462037255826
제조업/NNG;부진/NNG,16.0,16.0,32.0,1.3848087238448945
시가평가/NNG,38.0,19.0,57.0,2.769617447689789
변이/NNG,26.0,14.0,40.0,2.571787629997661
버티/VV,37.0,39.0,76.0,1.3137928918528488
급등락/NNG,29.0,20.0,49.0,2.007972649575097
사직서/NNG,11.0,6.0,17.0,2.53881599371564
계절조정/NNG,76.0,78.0,154.0,1.3493008078488715
척결/NNG,17.0,6.0,23.0,3.9236247175605343
다주택자/NNG,15.0,15.0,30.0,1.3848087238448945
직급/NNG,174.0,71.0,245.0,3.39375659083115
잃어버린/VV,14.0,12.0,26.0,1.6156101778190435
자본잉여금/NNG,17.0,14.0,31.0,1.681553450383086
내전/NNG,19.0,11.0,30.0,2.391942341186636
저작물/NNG,260.0,272.0,532.0,1.3237142213223256
어렵/VA;금리/NNG;인상/NNG,12.0,7.0,19.0,2.3739578123055334
유상증자/NNG,138.0,130.0,268.0,1.4700277222353495
두루/MAG,9.0,9.0,18.0,1.3848087238448945
불황/NNG,111.0,102.0,213.0,1.5069977288900323
가열/NNG,11.0,9.0,20.0,1.6925439958104267
강경/NNG,59.0,39.0,98.0,2.0949670437653536
전전월/NNG,16.0,16.0,32.0,1.3848087238448945
전선/NNG,109.0,98.0,207.0,1.540246437745852
모기지/NNG;금리/NNG;상승/NNG,14.0,13.0,27.0,1.4913324718329632
윤현/NNG,40.0,23.0,63.0,2.4083629979911207
국고채/NNG;통안채/NNG;스프레드/NNG;축소/NNG,48.0,24.0,72.0,2.769617447689789
수출/NNG;확대/NNG,12.0,11.0,23.0,1.5107004260126122
대부/NNG,69.0,46.0,115.0,2.0772130857673416
통화정책/NNG;불확실성/NNG;해소/NNG,25.0,5.0,30.0,6.924043619224471
재부/NNG,11.0,10.0,21.0,1.523289596229384
인플레이션/NNG;부담/NNG,17.0,17.0,34.0,1.3848087238448945
절하/NNG,427.0,392.0,819.0,1.5084523599024744
외화대출/NNG,11.0,8.0,19.0,1.90411199528673
용인/NNG,76.0,79.0,155.0,1.3322210507874934
금리/NNG;상승/NNG;하락/NNG,22.0,21.0,43.0,1.4507519964089373
견실/NNG,73.0,71.0,144.0,1.4238174202912295
파괴/NNG,22.0,19.0,41.0,1.603462732873036
공연/NNG,9.0,9.0,18.0,1.3848087238448945
일본채/NNG,64.0,56.0,120.0,1.5826385415370223
보험료/NNG,166.0,109.0,275.0,2.1089747537454357
대지진/NNG,12.0,7.0,19.0,2.3739578123055334
미칠지/VV,19.0,18.0,37.0,1.4617425418362773
재정/NNG;확장/NNG,12.0,10.0,22.0,1.6617704686138732
자가/NNG,22.0,20.0,42.0,1.523289596229384
자재/NNG,56.0,42.0,98.0,1.8464116317931925
경기/NNG;선행/NNG;지수/NNG;상승/NNG,18.0,15.0,33.0,1.6617704686138737
예금채권/NNG,120.0,81.0,201.0,2.0515684797702143
여겨진다/VV,18.0,19.0,37.0,1.3119240541688475
통안채/NNG;하락/NNG,11.0,11.0,22.0,1.3848087238448947
가계/NNG;부채/NNG;증가/NNG;지정학/NNG;위험/NNG,12.0,12.0,24.0,1.3848087238448945
기상/NNG,16.0,15.0,31.0,1.4771293054345545
금융거래세/NNG,25.0,5.0,30.0,6.924043619224471
도매업/NNG,19.0,10.0,29.0,2.631136575305299
부품/NNG,379.0,240.0,619.0,2.186843776405063
금년도/NNG,36.0,32.0,68.0,1.5579098143255063
불법/NNG,94.0,67.0,161.0,1.9428659707674638
금리/NNG;하단/NNG,86.0,91.0,177.0,1.3087203324248453
순현금/NNG,18.0,15.0,33.0,1.6617704686138737
맥락/NNG,75.0,74.0,149.0,1.403522355248204
고용/NNG;부진/NNG,35.0,31.0,66.0,1.5634937204700419
시험/NNG,27.0,23.0,50.0,1.6256450236440065
엑스/NNG,30.0,16.0,46.0,2.596516357209177
수시/NNG,45.0,45.0,90.0,1.3848087238448945
부정적/VAX;하락/NNG,15.0,9.0,24.0,2.3080145397414906
조화/NNG,16.0,12.0,28.0,1.846411631793193
예정이율/NNG,92.0,4.0,96.0,31.85060064843257
서프라이즈/NNG,157.0,163.0,320.0,1.3338341695929352
베일인/NNG,42.0,15.0,57.0,3.8774644267657052
잡아가/VV,15.0,10.0,25.0,2.0772130857673416
열쇠/NNG,19.0,12.0,31.0,2.1926138127544164
금리/NNG;상승/NNG;부담/NNG,17.0,14.0,31.0,1.681553450383086
법안/NNG,180.0,147.0,327.0,1.6956841516468095
국고채/NNG;발행/NNG;감소/NNG,15.0,10.0,25.0,2.0772130857673416
판매비율/NNG,14.0,9.0,23.0,2.1541469037587246
묶여/VV,16.0,13.0,29.0,1.704379967809101
채권시장/NNG;부담/NNG,21.0,21.0,42.0,1.3848087238448945
재정자금/NNG,11.0,10.0,21.0,1.523289596229384
살필/VV,12.0,8.0,20.0,2.0772130857673416
드레드레/MAG,31.0,31.0,62.0,1.3848087238448943
대주단/NNG,45.0,45.0,90.0,1.3848087238448945
ebitda/NNG,388.0,406.0,794.0,1.3234132631818203
무림/NNG,32.0,24.0,56.0,1.846411631793193
대륙/NNG,18.0,6.0,24.0,4.154426171534683
공시기준/NNG,19.0,11.0,30.0,2.391942341186636
복병/NNG,20.0,18.0,38.0,1.5386763598276605
임금/NNG;상승률/NNG;높/VA,12.0,6.0,18.0,2.769617447689789
안보리/NNG,12.0,12.0,24.0,1.3848087238448945
하락국면/NNG,22.0,21.0,43.0,1.4507519964089373
금리/NNG;오르/VV;않/VX,10.0,10.0,20.0,1.3848087238448943
위성/NNG,11.0,11.0,22.0,1.3848087238448947
주효/NNG,15.0,10.0,25.0,2.0772130857673416
bb등급/NNG,35.0,17.0,52.0,2.851076784386547
목표/NNG,3431.0,2934.0,6365.0,1.619386070726596
소속/NNG,66.0,66.0,132.0,1.3848087238448945
언젠가/MAG,28.0,23.0,51.0,1.6858540985937844
부정부패/NNG,14.0,8.0,22.0,2.4234152667285653
국제화/NNG,22.0,4.0,26.0,7.61644798114692
치예/NNG,63.0,57.0,120.0,1.5305780631969885
안정/NNG;상승/NNG,17.0,14.0,31.0,1.681553450383086
녹록/NNG,30.0,26.0,56.0,1.5978562198210322
관광객/NNG,48.0,45.0,93.0,1.477129305434554
순우/NNG,103.0,24.0,127.0,5.943137439834339
동두천/NNG,30.0,28.0,58.0,1.4837236326909584
부족액/NNG,13.0,11.0,24.0,1.63659212818033
유지비/NNG,19.0,4.0,23.0,6.577841438263248
국가부도위험/NNG,11.0,11.0,22.0,1.3848087238448947
회전율/NNG,22.0,21.0,43.0,1.4507519964089373
신용등급/NNG;상향/NNG,47.0,48.0,95.0,1.355958542098126
소매/NNG;판매/NNG;부진/NNG,11.0,6.0,17.0,2.53881599371564
파동/NNG,16.0,7.0,23.0,3.1652770830740447
듀레이션/NNG;길/VA,15.0,9.0,24.0,2.3080145397414906
전공의/NNG,19.0,20.0,39.0,1.3155682876526495
상향/NNG;전망/NNG;상향/NNG,23.0,24.0,47.0,1.3271083603513574
거래처/NNG,17.0,11.0,28.0,2.1401589368512006
자산효과/NNG,25.0,17.0,42.0,2.0364834174189625
적체/NNG,10.0,7.0,17.0,1.9782981769212777
재무/NNG;안정성/NNG;개선/NNG,28.0,24.0,52.0,1.6156101778190435
roe/NNG,140.0,137.0,277.0,1.415133002469235
비고/NNG,72.0,67.0,139.0,1.488152658460185
보험금/NNG,51.0,39.0,90.0,1.81090371579717
집약/NNG,9.0,8.0,17.0,1.5579098143255063
경기/NNG;상승/NNG,28.0,24.0,52.0,1.6156101778190435
주전주전/MAG,9.0,9.0,18.0,1.3848087238448945
위기감/NNG,28.0,21.0,49.0,1.8464116317931925
통화정책/NNG;금리/NNG;인하/NNG,10.0,10.0,20.0,1.3848087238448943
에스티/NNG,15.0,10.0,25.0,2.0772130857673416
리보금리/NNG,76.0,34.0,110.0,3.095454794476823
관리국/NNG,14.0,5.0,19.0,3.877464426765704
다급/NNG,14.0,4.0,18.0,4.846830533457131
팔라듐/NNG,11.0,8.0,19.0,1.90411199528673
지준율/NNG;인상/NNG,18.0,8.0,26.0,3.1158196286510127
중국발/NNG,42.0,44.0,86.0,1.3218628727610358
괜찮/VA,36.0,35.0,71.0,1.4243746873833198
여전/NNG,677.0,581.0,1258.0,1.613623934669524
edi/NNG,15.0,9.0,24.0,2.3080145397414906
네모/NNG,17.0,16.0,33.0,1.4713592690852002
소원/NNG,34.0,33.0,67.0,1.426772624567467
예탁/NNG,50.0,29.0,79.0,2.3876012480084388
메자닌/NNG,16.0,5.0,21.0,4.431387916303662
삭감/NNG,100.0,91.0,191.0,1.5217678284009828
투자/NNG;수요/NNG;감소/NNG,9.0,8.0,17.0,1.5579098143255063
금회/NNG,17.0,12.0,29.0,1.9618123587802672
헬리콥터머니/NNG,14.0,5.0,19.0,3.877464426765704
기대/NNG;확대/NNG,19.0,8.0,27.0,3.288920719131624
강수량/NNG,24.0,4.0,28.0,8.308852343069367
융합/NNG,14.0,11.0,25.0,1.7624838303480475
터널/NNG,10.0,7.0,17.0,1.9782981769212777
재료/NNG,750.0,731.0,1481.0,1.4208023842457878
사의/NNG,24.0,16.0,40.0,2.0772130857673416
채권시장/NNG;금리/NNG;상승/NNG,24.0,20.0,44.0,1.6617704686138732
염려/NNG,26.0,18.0,44.0,2.0002792677759587
본부/NNG,1757.0,1849.0,3606.0,1.3159053151949593
쏟아진/VV,10.0,10.0,20.0,1.3848087238448943
발효/NNG,33.0,26.0,59.0,1.7576418418031354
불합격/NNG,16.0,4.0,20.0,5.539234895379578
경기/NNG;하방/NNG;위험/NNG;확대/NNG,10.0,9.0,19.0,1.5386763598276605
확충/NNG,350.0,336.0,686.0,1.4425090873384319
상승룸/NNG,11.0,6.0,17.0,2.53881599371564
만기상환/NNG,23.0,22.0,45.0,1.4477545749287535
범죄/NNG,40.0,25.0,65.0,2.215693958151831
재량/NNG,34.0,15.0,49.0,3.138899774048428
다분히/MAG,35.0,23.0,58.0,2.1073176232422304
거래비중/NNG,52.0,38.0,90.0,1.8950014115772242
잠재/NNG;성장/NNG,15.0,11.0,26.0,1.8883755325157654
세계/NNG;경제/NNG;회복/NNG,23.0,24.0,47.0,1.3271083603513574
성장기여도/NNG,93.0,98.0,191.0,1.3141552175262772
원론/NNG,79.0,45.0,124.0,2.4311086485277036
의제/NNG,35.0,12.0,47.0,4.039025444547609
발행세/NNG,25.0,21.0,46.0,1.6485818141010646
발달/NNG,34.0,25.0,59.0,1.8833398644290564
응답기업/NNG,10.0,7.0,17.0,1.9782981769212777
정책조합/NNG,22.0,14.0,36.0,2.176127994613406
복지부/NNG,16.0,2.0,18.0,11.078469790759156
실업률/NNG;상승/NNG,22.0,23.0,45.0,1.3245996488951166
감세정책/NNG,38.0,38.0,76.0,1.3848087238448945
부통령/NNG,17.0,18.0,35.0,1.3078749058535113
비용/NNG;높/VA,11.0,7.0,18.0,2.176127994613406
보험/NNG,1831.0,1705.0,3536.0,1.4871464946392974
하이일드/NNG,520.0,495.0,1015.0,1.4547485583825155
경제/NNG;지표/NNG;혼조/NNG,9.0,8.0,17.0,1.5579098143255063
상관관계/NNG,151.0,159.0,310.0,1.3151328132111892
수혜업종/NNG,10.0,9.0,19.0,1.5386763598276605
국회의원/NNG,26.0,25.0,51.0,1.4402010727986903
추경안/NNG,14.0,14.0,28.0,1.3848087238448943
카플란/NNG,9.0,9.0,18.0,1.3848087238448945
중장기영역/NNG,55.0,49.0,104.0,1.5543771390095753
주의깊/VA,30.0,30.0,60.0,1.3848087238448945
통화정책방향결정회의/NNG,17.0,10.0,27.0,2.3541748305363206
객관/NNG,23.0,24.0,47.0,1.3271083603513574
액면가/NNG,26.0,21.0,47.0,1.7145250866651076
티어/NNG,15.0,7.0,22.0,2.967447265381917
탕감/NNG,19.0,13.0,32.0,2.023951211773307
나스/VV,96.0,54.0,150.0,2.4618821757242566
당부/NNG,213.0,201.0,414.0,1.467483871537127
종사자/NNG,39.0,15.0,54.0,3.6005026819967263
행정처분/NNG,10.0,8.0,18.0,1.731010904806118
휴식/NNG,12.0,8.0,20.0,2.0772130857673416
커버리지비율/NNG,43.0,36.0,79.0,1.6540770868147348
할부금융/NNG,48.0,38.0,86.0,1.7492320722251298
가액/NNG,38.0,35.0,73.0,1.503506614460171
허위/NNG,14.0,10.0,24.0,1.938732213382852
폐업/NNG,46.0,47.0,93.0,1.3553447084439394
말년/NNG,16.0,1.0,17.0,22.156939581518312
고용률/NNG,97.0,94.0,191.0,1.4290047469463274
결의/NNG,39.0,39.0,78.0,1.3848087238448947
전망/NNG;경기/NNG;부양/NNG,12.0,7.0,19.0,2.3739578123055334
폐쇄/NNG,204.0,202.0,406.0,1.3985197013087054
외화부채/NNG,17.0,12.0,29.0,1.9618123587802672
힘쓸/VV,11.0,6.0,17.0,2.53881599371564
선물환/NNG,165.0,90.0,255.0,2.5388159937156396
코리아디스카운트/NNG,22.0,17.0,39.0,1.7921054073286873
조국/NNG,18.0,17.0,35.0,1.4662680605416532
리프트/NNG,17.0,3.0,20.0,7.847249435121069
수령액/NNG,16.0,4.0,20.0,5.539234895379578
부정적/VAX;안정/NNG;부정적/VAX,17.0,10.0,27.0,2.3541748305363206
벌어들인/VV,12.0,7.0,19.0,2.3739578123055334
디딤돌/NNG,23.0,20.0,43.0,1.5925300324216285
손익분기/NNG,23.0,16.0,39.0,1.9906625405270357
원전사태/NNG,17.0,1.0,18.0,23.541748305363203
플러스/NNG;성장/NNG,11.0,7.0,18.0,2.176127994613406
기우/NNG,36.0,8.0,44.0,6.231639257302025
한하/VV,44.0,34.0,78.0,1.7921054073286873
파산제도/NNG,17.0,1.0,18.0,23.541748305363203
생활권/NNG,21.0,15.0,36.0,1.9387322133828526
미/NNG;금리/NNG;상승/NNG,45.0,40.0,85.0,1.5579098143255063
양키본드/NNG,19.0,2.0,21.0,13.155682876526496
하락/NNG;금리/NNG;하락/NNG,14.0,5.0,19.0,3.877464426765704
가릴/VV,10.0,7.0,17.0,1.9782981769212777
통방문구/NNG,15.0,8.0,23.0,2.596516357209177
상반/NNG,99.0,89.0,188.0,1.5404052096701635
차분/NNG,12.0,10.0,22.0,1.6617704686138732
휴지기/NNG,34.0,29.0,63.0,1.6235688486457385
여론/NNG,72.0,62.0,134.0,1.608164969626329
가격/NNG;부담/NNG;인식/NNG;높/VA,17.0,1.0,18.0,23.541748305363203
유동자산/NNG,75.0,15.0,90.0,6.924043619224473
접어드/VV,17.0,9.0,26.0,2.6157498117070226
거짓말/NNG,21.0,1.0,22.0,29.080983200742786
진료/NNG,29.0,27.0,56.0,1.487387147833405
대답/NNG,15.0,11.0,26.0,1.8883755325157654
방역/NNG,54.0,16.0,70.0,4.673729442976518
세계/NNG;교역/NNG;신장/NNG,12.0,12.0,24.0,1.3848087238448945
일민/NNG,33.0,29.0,62.0,1.5758168236855696
채권/NNG;금리/NNG;하락/NNG;압력/NNG,12.0,8.0,20.0,2.0772130857673416
환율효과/NNG,10.0,9.0,19.0,1.5386763598276605
위험자산/NNG;상승/NNG,15.0,12.0,27.0,1.7310109048061182
진심/NNG,10.0,7.0,17.0,1.9782981769212777
중국a주/NNG,18.0,4.0,22.0,6.231639257302025
잉여/NNG,44.0,39.0,83.0,1.5623483038250094
fed/NNG;완화/NNG,23.0,23.0,46.0,1.3848087238448945
부동산펀드/NNG,20.0,17.0,37.0,1.62918673393517
국채선물/NNG;순매도/NNG;전환/NNG;수급/NNG;부담/NNG,16.0,5.0,21.0,4.431387916303662
주택/NNG;지표/NNG;부진/NNG,10.0,7.0,17.0,1.9782981769212777
끈적/NNG,21.0,17.0,38.0,1.7106460706319286
부실채권/NNG,212.0,218.0,430.0,1.3466947222711818
예상/NNG;웃돌/VV,55.0,55.0,110.0,1.3848087238448943
대회/NNG,30.0,30.0,60.0,1.3848087238448945
외환위기/NNG,106.0,109.0,215.0,1.3466947222711818
발행재개/NNG,14.0,14.0,28.0,1.3848087238448943
후강퉁/NNG,13.0,12.0,25.0,1.5002094508319692
일반회계/NNG,12.0,8.0,20.0,2.0772130857673416
금융지주사/NNG,20.0,13.0,33.0,2.130474959761376
매달/NNG,11.0,6.0,17.0,2.53881599371564
글로벌/NNG;교역/NNG;감소/NNG,11.0,8.0,19.0,1.90411199528673
야당/NNG,48.0,47.0,95.0,1.4142727392458496
활성/NNG,13.0,9.0,22.0,2.0002792677759587
저유가/NNG,103.0,90.0,193.0,1.5848366506224902
유통량/NNG,13.0,4.0,17.0,4.500628352495907
기초/NNG,392.0,386.0,778.0,1.4063342480497372
반년/NNG,21.0,16.0,37.0,1.817561450046424
링크/NNG,24.0,25.0,49.0,1.3294163748910985
귀환/NNG,11.0,8.0,19.0,1.90411199528673
수익성/NNG;하락/NNG,20.0,17.0,37.0,1.62918673393517
펼쳐질/VV,9.0,9.0,18.0,1.3848087238448945
국무총리/NNG,13.0,9.0,22.0,2.0002792677759587
영업이익/NNG;감소/NNG,13.0,11.0,24.0,1.63659212818033
기울일/VV,37.0,33.0,70.0,1.5526643267351847
만기금액/NNG,350.0,333.0,683.0,1.455504664701841
대보/NNG,12.0,5.0,17.0,3.3235409372277465
우발채무/NNG,69.0,72.0,141.0,1.3271083603513572
확립/NNG,19.0,14.0,33.0,1.8793832680752138
아제/NNG,90.0,87.0,177.0,1.4325607488050633
신용/NNG;하락/NNG,9.0,9.0,18.0,1.3848087238448945
구성비중/NNG,21.0,9.0,30.0,3.231220355638087
정유/NNG,279.0,222.0,501.0,1.740367720507773
급여/NNG,157.0,140.0,297.0,1.552964068883203
기대/NNG;약화/NNG,29.0,24.0,53.0,1.673310541312581
종류별/NNG,84.0,53.0,137.0,2.1947911849617197
총계/NNG,30.0,19.0,49.0,2.1865400902814125
관세청/NNG,38.0,27.0,65.0,1.9489900557817033
베팅/NNG,944.0,568.0,1512.0,2.3015130903337684
신호탄/NNG,17.0,13.0,30.0,1.8109037157971697
미침/VV,13.0,9.0,22.0,2.0002792677759587
행정리/NNG,14.0,3.0,17.0,6.462440711276174
정확도/NNG,9.0,9.0,18.0,1.3848087238448945
입안자/NNG,17.0,7.0,24.0,3.363106900766172
금리/NNG;인하/NNG;기대/NNG;살/VV,12.0,6.0,18.0,2.769617447689789
석실/NNG,34.0,24.0,58.0,1.9618123587802672
빈곤/NNG,20.0,6.0,26.0,4.616029079482982
외화자산/NNG,14.0,4.0,18.0,4.846830533457131
매수주체/NNG,40.0,42.0,82.0,1.318865451280852
증권/NNG,4255.0,4435.0,8690.0,1.3286045366313475
발판/NNG,20.0,19.0,39.0,1.4576933935209415
하향/NNG;상향/NNG,10.0,9.0,19.0,1.5386763598276605
환금성/NNG,11.0,9.0,20.0,1.6925439958104267
기습/NNG,16.0,9.0,25.0,2.461882175724257
투자/NNG;둔화/NNG,11.0,10.0,21.0,1.523289596229384
경제장관회의/NNG,14.0,5.0,19.0,3.877464426765704
자산/NNG;가격/NNG;하락/NNG,12.0,10.0,22.0,1.6617704686138732
사업비율/NNG,55.0,17.0,72.0,4.480263518321718
샐러드/NNG,11.0,11.0,22.0,1.3848087238448947
신용등급/NNG;하락/NNG,36.0,35.0,71.0,1.4243746873833198
부도/NNG,156.0,138.0,294.0,1.5654359486942286
신계약비/NNG,16.0,2.0,18.0,11.078469790759156
트렌드분석/NNG,24.0,2.0,26.0,16.617704686138733
fed/NNG;자산/NNG;매입/NNG;축소/NNG,13.0,13.0,26.0,1.3848087238448945
인구구조/NNG,48.0,51.0,99.0,1.3033493871481359
한계기업/NNG,87.0,65.0,152.0,1.8535132149923974
미/NNG;금리/NNG;급등/NNG,24.0,12.0,36.0,2.769617447689789
제이차/NNG,63.0,36.0,99.0,2.423415266728565
정책/NNG;강화/NNG,14.0,13.0,27.0,1.4913324718329632
g7/NNG,62.0,66.0,128.0,1.3008809223997493
상고하저/NNG,32.0,16.0,48.0,2.769617447689789
판로/NNG,15.0,8.0,23.0,2.596516357209177
재정승수/NNG,22.0,13.0,35.0,2.343522455737514
이메일/NNG,176.0,77.0,253.0,3.1652770830740447
연금보험/NNG,16.0,10.0,26.0,2.215693958151831
다행히/MAG,26.0,25.0,51.0,1.4402010727986903
상하방/NNG;위험/NNG,13.0,13.0,26.0,1.3848087238448945
하단/NNG,627.0,628.0,1255.0,1.3826036144120204
녹색산업/NNG,14.0,4.0,18.0,4.846830533457131
말미암/VV,10.0,8.0,18.0,1.731010904806118
적절/NNG,537.0,523.0,1060.0,1.4218781734315649
우려/NNG;아니/VCN,9.0,9.0,18.0,1.3848087238448945
보정/NNG,32.0,10.0,42.0,4.431387916303662
여천/NNG,49.0,52.0,101.0,1.3049159128538428
영업외수익/NNG,23.0,7.0,30.0,4.550085806918939
에너지산업/NNG,14.0,13.0,27.0,1.4913324718329632
처해/VV,11.0,11.0,22.0,1.3848087238448947
물가/NNG;압력/NNG,27.0,24.0,51.0,1.5579098143255063
막판/NNG,103.0,109.0,212.0,1.3085807206974691
중위수/NNG,18.0,4.0,22.0,6.231639257302025
휴장/NNG,88.0,92.0,180.0,1.3245996488951166
유익/NNG,14.0,8.0,22.0,2.4234152667285653
에너지기업/NNG,73.0,65.0,138.0,1.5552467206258047
앞서간/VV,14.0,11.0,25.0,1.7624838303480475
외부/NNG;압력/NNG,38.0,31.0,69.0,1.6975074679389026
부동산/NNG;안정/NNG,11.0,10.0,21.0,1.523289596229384
집세/NNG,30.0,27.0,57.0,1.5386763598276605
돌아온/VV,15.0,15.0,30.0,1.3848087238448945
절대/MAG;금리/NNG;매력/NNG;높/VA,17.0,11.0,28.0,2.1401589368512006
탄핵안/NNG,15.0,11.0,26.0,1.8883755325157654
각오/NNG,16.0,7.0,23.0,3.1652770830740447
수도/NNG,52.0,55.0,107.0,1.3092737025442638
오해/NNG,29.0,19.0,48.0,2.1136554206053653
체력/NNG,45.0,39.0,84.0,1.5978562198210322
안정성/NNG;높/VA,21.0,21.0,42.0,1.3848087238448945
경제/NNG;지표/NNG;양호/NNG,14.0,11.0,25.0,1.7624838303480475
장병/NNG,12.0,9.0,21.0,1.8464116317931925
소비/NNG;진작/NNG,13.0,13.0,26.0,1.3848087238448945
매출/NNG;확대/NNG,14.0,11.0,25.0,1.7624838303480475
모여/VV,15.0,11.0,26.0,1.8883755325157654
토빈세/NNG,54.0,20.0,74.0,3.738983554381215
한미fta/NNG,22.0,18.0,40.0,1.6925439958104267
계속기업/NNG,11.0,11.0,22.0,1.3848087238448947
허리/NNG,14.0,4.0,18.0,4.846830533457131
주리/NNG,173.0,69.0,242.0,3.472056655437199
정치/NNG;위험/NNG;확대/NNG,13.0,10.0,23.0,1.8002513409983627
연정/NNG,140.0,82.0,222.0,2.3643075772961613
공급/NNG;증가/NNG,19.0,18.0,37.0,1.4617425418362773
상향/NNG;안정/NNG,16.0,15.0,31.0,1.4771293054345545
공기/NNG,15.0,10.0,25.0,2.0772130857673416
보간법/NNG,30.0,31.0,61.0,1.3401374746886074
말잔/NNG,29.0,14.0,43.0,2.868532356535853
불어넣/VV,14.0,13.0,27.0,1.4913324718329632
와중/NNG,45.0,44.0,89.0,1.416281649386824
허리케인/NNG,47.0,28.0,75.0,2.3245003578825014
해운/NNG,268.0,261.0,529.0,1.4219491877028034
농업/NNG,86.0,51.0,137.0,2.335167651973743
구두/NNG,41.0,42.0,83.0,1.3518370875628731
중위값/NNG,25.0,22.0,47.0,1.573646277096471
포천/NNG,35.0,27.0,62.0,1.795122419798937
적자전환/NNG,41.0,20.0,61.0,2.8388578838820333
청라/NNG,17.0,4.0,21.0,5.885437076340801
내수/NNG;개선/NNG,15.0,9.0,24.0,2.3080145397414906
현저/NNG,33.0,24.0,57.0,1.90411199528673
경쟁심/NNG,35.0,27.0,62.0,1.795122419798937
지속성/NNG,110.0,84.0,194.0,1.8134399955111713
월물간/NNG,22.0,9.0,31.0,3.3850879916208534
디플레이션갭/NNG;축소/NNG,12.0,11.0,23.0,1.5107004260126122
인구증가/NNG,9.0,9.0,18.0,1.3848087238448945
단기/NNG;금리/NNG;급등/NNG,14.0,14.0,28.0,1.3848087238448943
첨언/NNG,246.0,139.0,385.0,2.4508125616247773
투자/NNG;수요/NNG;많/VA,10.0,8.0,18.0,1.731010904806118
내수/NNG;부양/NNG,17.0,11.0,28.0,2.1401589368512006
높/VA;상승/NNG,21.0,14.0,35.0,2.0772130857673416
똑같/VA,12.0,11.0,23.0,1.5107004260126122
기간프리미엄/NNG,72.0,37.0,109.0,2.6947629220765514
분양/NNG,289.0,307.0,596.0,1.303614727007083
관성/NNG,17.0,13.0,30.0,1.8109037157971697
신흥국/NNG;성장/NNG,11.0,10.0,21.0,1.523289596229384
정치/NNG;불안/NNG,23.0,21.0,44.0,1.5166952689729798
질의응답/NNG,10.0,8.0,18.0,1.731010904806118
북한리스크/NNG,90.0,70.0,160.0,1.78046835922915
합산비율/NNG,27.0,4.0,31.0,9.347458885953037
경기/NNG;불확실성/NNG,33.0,30.0,63.0,1.5232895962293842
사회안전망/NNG,12.0,9.0,21.0,1.8464116317931925
이성/NNG,15.0,6.0,21.0,3.4620218096122364
글로벌/NNG;불확실성/NNG,14.0,13.0,27.0,1.4913324718329632
소비/NNG;완만/NNG;증가/NNG,12.0,6.0,18.0,2.769617447689789
투자대상/NNG,60.0,55.0,115.0,1.5107004260126122
가점/NNG,12.0,11.0,23.0,1.5107004260126122
동조성/NNG,15.0,5.0,20.0,4.154426171534683
곳곳/NNG,30.0,24.0,54.0,1.7310109048061182
공백/NNG,124.0,110.0,234.0,1.5610571068796992
합의문/NNG,10.0,10.0,20.0,1.3848087238448943
단기물/NNG;금리/NNG;스프레드/NNG;부담/NNG,24.0,4.0,28.0,8.308852343069367
증권신고서/NNG,22.0,21.0,43.0,1.4507519964089373
채국/NNG,51.0,20.0,71.0,3.531262245804481
증발/NNG,22.0,16.0,38.0,1.90411199528673
국채/NNG;발행/NNG;성공/NNG,12.0,7.0,19.0,2.3739578123055334
식순/NNG,14.0,6.0,20.0,3.231220355638087
청구자/NNG,11.0,7.0,18.0,2.176127994613406
이체/NNG,19.0,14.0,33.0,1.8793832680752138
무겁/VA,28.0,22.0,50.0,1.7624838303480475
연안/NNG,15.0,7.0,22.0,2.967447265381917
트론/NNG,33.0,34.0,67.0,1.3440790554965154
심층/NNG,19.0,15.0,34.0,1.7540910502035332
유동부채/NNG,73.0,8.0,81.0,12.636379605084661
회사채/NNG;신용스프레드/NNG;확대/NNG,10.0,9.0,19.0,1.5386763598276605
다각화/NNG,55.0,50.0,105.0,1.5232895962293838
불안/NNG;크/VV,17.0,17.0,34.0,1.3848087238448945
임계점/NNG,11.0,7.0,18.0,2.176127994613406
뱅크론/NNG,26.0,25.0,51.0,1.4402010727986903
장세/NNG,407.0,374.0,781.0,1.5069977288900323
중국인/NNG,22.0,20.0,42.0,1.523289596229384
보수당/NNG,24.0,20.0,44.0,1.6617704686138732
재무/NNG;부담/NNG;완화/NNG,10.0,8.0,18.0,1.731010904806118
순환변동/NNG,25.0,20.0,45.0,1.7310109048061177
오프/NNG,20.0,2.0,22.0,13.848087238448944
실업보험/NNG,13.0,13.0,26.0,1.3848087238448945
베버리지곡선/NNG,10.0,7.0,17.0,1.9782981769212777
할인채/NNG,28.0,7.0,35.0,5.539234895379577
삼양/NNG,22.0,19.0,41.0,1.603462732873036
제로/NNG,28.0,24.0,52.0,1.6156101778190435
경기/NNG;불확실성/NNG;증가/NNG,15.0,4.0,19.0,5.193032714418354
거래세/NNG,68.0,46.0,114.0,2.0471085482924525
대외/NNG,1125.0,1195.0,2320.0,1.3036902211928922
주주환원정책/NNG,34.0,36.0,70.0,1.3078749058535113
억압/NNG,14.0,7.0,21.0,2.7696174476897886
전순/NNG,17.0,2.0,19.0,11.770874152681602
부국/NNG,27.0,5.0,32.0,7.47796710876243
설명력/NNG,23.0,13.0,36.0,2.4500462037255826
실증/NNG,22.0,14.0,36.0,2.176127994613406
순포지션/NNG,127.0,12.0,139.0,14.655892327358467
소지/NNG,80.0,80.0,160.0,1.3848087238448943
이루어져/VV,13.0,9.0,22.0,2.0002792677759587
수익구조/NNG,38.0,24.0,62.0,2.1926138127544164
악성/NNG,12.0,11.0,23.0,1.5107004260126122
국민은행채/NNG,21.0,2.0,23.0,14.540491600371393
당정/NNG,21.0,21.0,42.0,1.3848087238448945
순환매/NNG,23.0,20.0,43.0,1.5925300324216285
재반/NNG,10.0,8.0,18.0,1.731010904806118
취합/NNG,20.0,14.0,34.0,1.9782981769212777
사금융/NNG,31.0,7.0,38.0,6.132724348455961
통화정책/NNG;금리/NNG;인상/NNG,9.0,9.0,18.0,1.3848087238448945
다분/NNG,13.0,6.0,19.0,3.0004189016639384
잔존/NNG,366.0,365.0,731.0,1.3886027203485791
교차/NNG,20.0,20.0,40.0,1.3848087238448943
정립/NNG,13.0,13.0,26.0,1.3848087238448945
유동비율/NNG,66.0,15.0,81.0,6.093158384917537
파산/NNG,154.0,152.0,306.0,1.403029891263906
개요/NNG,41.0,41.0,82.0,1.3848087238448943
차종/NNG,14.0,14.0,28.0,1.3848087238448943
저항/NNG,88.0,73.0,161.0,1.669358461621243
금리/NNG;스프레드/NNG;확대/NNG,14.0,12.0,26.0,1.6156101778190435
전망/NNG;인상/NNG,11.0,9.0,20.0,1.6925439958104267
명회/NNG,12.0,12.0,24.0,1.3848087238448945
금리/NNG;고점/NNG,33.0,27.0,60.0,1.6925439958104265
위험/NNG;경계/NNG,12.0,12.0,24.0,1.3848087238448945
마침/MAG,15.0,10.0,25.0,2.0772130857673416
중후반/NNG,63.0,63.0,126.0,1.3848087238448945
포격/NNG,13.0,7.0,20.0,2.571787629997661
외환/NNG,281.0,209.0,490.0,1.86187201626993
돌발/NNG,16.0,11.0,27.0,2.014267234683483
조기상환/NNG,102.0,95.0,197.0,1.4868472613913604
은은/NNG,10.0,10.0,20.0,1.3848087238448943
연금저축/NNG,15.0,15.0,30.0,1.3848087238448945
통화유통속도/NNG,22.0,3.0,25.0,10.15526397486256
동료/NNG,12.0,12.0,24.0,1.3848087238448945
순투자/NNG,96.0,97.0,193.0,1.3705323452485554
출처/NNG,286.0,239.0,525.0,1.6571351256051876
안전자산/NNG;선호/NNG,87.0,85.0,172.0,1.4173924585235977
선뜻/MAG,11.0,9.0,20.0,1.6925439958104267
정부정책/NNG,137.0,137.0,274.0,1.3848087238448945
안전자산/NNG;선호/NNG;약화/NNG,21.0,20.0,41.0,1.4540491600371392
수협/NNG,36.0,27.0,63.0,1.8464116317931927
전망/NNG;등급/NNG;하향/NNG,12.0,11.0,23.0,1.5107004260126122
비급여/NNG,14.0,13.0,27.0,1.4913324718329632
스트레스테스트/NNG,85.0,46.0,131.0,2.5588856853655657
법칙/NNG,14.0,5.0,19.0,3.877464426765704
효율성/NNG,64.0,62.0,126.0,1.4294799730011813
전단채/NNG,40.0,31.0,71.0,1.7868499662514765
바젤iii/NNG,49.0,30.0,79.0,2.261854248946661
승인액/NNG,14.0,4.0,18.0,4.846830533457131
취임식/NNG,15.0,5.0,20.0,4.154426171534683
실직/NNG,30.0,21.0,51.0,1.9782981769212777
전업/NNG,144.0,125.0,269.0,1.5952996498693184
은행세/NNG,27.0,22.0,49.0,1.6995379792641887
인기몰이/NNG,10.0,7.0,17.0,1.9782981769212777
크라우드펀딩/NNG,21.0,1.0,22.0,29.080983200742786
손실/NNG;부담/NNG,16.0,13.0,29.0,1.704379967809101
플로어/NNG,13.0,11.0,24.0,1.63659212818033
다소간/MAG,36.0,26.0,62.0,1.9174274637852387
경제/NNG;성장률/NNG;상향/NNG,15.0,12.0,27.0,1.7310109048061182
베이비부머/NNG,17.0,16.0,33.0,1.4713592690852002
서두/NNG,26.0,21.0,47.0,1.7145250866651076
유통비중/NNG,18.0,7.0,25.0,3.5609367184583003
가격전가/NNG,14.0,5.0,19.0,3.877464426765704
니어/NNG,13.0,4.0,17.0,4.500628352495907
짐작/NNG,17.0,17.0,34.0,1.3848087238448945
정확/MAG,62.0,62.0,124.0,1.3848087238448943
gdp/NNG;호조/NNG,12.0,11.0,23.0,1.5107004260126122
선거구/NNG,16.0,12.0,28.0,1.846411631793193
편차/NNG,35.0,24.0,59.0,2.0195127222738045
글로벌/NNG;수요/NNG;증가/NNG,9.0,8.0,17.0,1.5579098143255063
전면전/NNG,10.0,7.0,17.0,1.9782981769212777
반대매매/NNG,11.0,7.0,18.0,2.176127994613406
호실적/NNG,50.0,47.0,97.0,1.47320077004776
통화정책/NNG;긴축/NNG,19.0,16.0,35.0,1.644460359565812
송유관/NNG,11.0,6.0,17.0,2.53881599371564
유동성/NNG;축소/NNG,15.0,7.0,22.0,2.967447265381917
금리/NNG;인하/NNG;경계/NNG,10.0,7.0,17.0,1.9782981769212777
노치/NNG,24.0,17.0,41.0,1.955024080722204
이루어짐/VV,14.0,6.0,20.0,3.231220355638087
상승률/NNG;낮/VA,23.0,10.0,33.0,3.185060064843257
gdp/NNG;부진/NNG,11.0,10.0,21.0,1.523289596229384
매매수수료/NNG,31.0,29.0,60.0,1.480312773765232
파란/VA,9.0,9.0,18.0,1.3848087238448945
다루/VV,20.0,20.0,40.0,1.3848087238448943
산업별/NNG,21.0,15.0,36.0,1.9387322133828526
주식회사/NNG,13.0,12.0,25.0,1.5002094508319692
평잔/NNG,63.0,25.0,88.0,3.489717984089134
기은/NNG,11.0,8.0,19.0,1.90411199528673
한산/NNG,44.0,42.0,86.0,1.4507519964089373
대북/NNG,38.0,28.0,66.0,1.8793832680752138
교역조건/NNG,33.0,32.0,65.0,1.4280839964650474
예상/NNG;성장/NNG,9.0,9.0,18.0,1.3848087238448945
변형/NNG,264.0,273.0,537.0,1.339155688992865
자생력/NNG,52.0,47.0,99.0,1.5321288008496705
완만/NNG;금리/NNG;상승/NNG,15.0,7.0,22.0,2.967447265381917
환입/NNG,36.0,14.0,50.0,3.5609367184583003
진균/NNG,174.0,70.0,244.0,3.442238827843023
토의/NNG,11.0,10.0,21.0,1.523289596229384
수출입은행/NNG,79.0,82.0,161.0,1.334144990045691
자유무역협정/NNG,13.0,10.0,23.0,1.8002513409983627
경제/NNG;견조/NNG;성장/NNG,13.0,9.0,22.0,2.0002792677759587
특수채/NNG,3157.0,3303.0,6460.0,1.3235970757427586
외화자금/NNG,23.0,24.0,47.0,1.3271083603513574
기촉법/NNG,11.0,10.0,21.0,1.523289596229384
신자유주의/NNG,14.0,9.0,23.0,2.1541469037587246
구체/NNG,79.0,84.0,163.0,1.3023796331398412
관문/NNG,9.0,9.0,18.0,1.3848087238448945
국채선물시장/NNG,259.0,176.0,435.0,2.0378719288399303
사업단/NNG,11.0,8.0,19.0,1.90411199528673
개진/NNG,48.0,36.0,84.0,1.8464116317931925
국세/NNG,26.0,26.0,52.0,1.3848087238448945
흡수/NNG,195.0,184.0,379.0,1.4675962019008393
환경규제/NNG,11.0,7.0,18.0,2.176127994613406
수지/NNG,705.0,738.0,1443.0,1.322886382534757
국고채/NNG;스프레드/NNG;축소/NNG,62.0,38.0,100.0,2.2594247599574593
강국/NNG,12.0,8.0,20.0,2.0772130857673416
볼드체/NNG,54.0,53.0,107.0,1.410937190332534
방사능유출사태/NNG,21.0,1.0,22.0,29.080983200742786
저항선/NNG,79.0,53.0,132.0,2.0641488525235223
장기물/NNG;강세/NNG,28.0,21.0,49.0,1.8464116317931925
해외부문/NNG,43.0,20.0,63.0,2.977338756266523
재무구조/NNG;개선/NNG,47.0,50.0,97.0,1.3017202004142008
드러낼/VV,13.0,7.0,20.0,2.571787629997661
장단/NNG,17.0,14.0,31.0,1.681553450383086
행이/NNG,29.0,30.0,59.0,1.3386484330500648
방증/NNG,29.0,20.0,49.0,2.007972649575097
가격/NNG;낮/VA,12.0,11.0,23.0,1.5107004260126122
하락/NNG;안정/NNG,17.0,18.0,35.0,1.3078749058535113
스냅/NNG,17.0,1.0,18.0,23.541748305363203
무시/NNG,82.0,73.0,155.0,1.5555385665107033
숏커버/NNG,34.0,18.0,52.0,2.6157498117070226
만기액/NNG,49.0,18.0,67.0,3.769757081577768
준비금/NNG,67.0,43.0,110.0,2.157725220874603
메인/VV,20.0,10.0,30.0,2.7696174476897886
가려져/VV,9.0,8.0,17.0,1.5579098143255063
우려/NNG;하락/NNG,17.0,11.0,28.0,2.1401589368512006
유형자산/NNG,16.0,15.0,31.0,1.4771293054345545
국주/NNG,31.0,17.0,48.0,2.5252394375995135
금리재정거래/NNG,33.0,15.0,48.0,3.0465791924587684
비아/NNG,12.0,6.0,18.0,2.769617447689789
지원책/NNG,34.0,32.0,66.0,1.4713592690852002
투기등급/NNG,163.0,139.0,302.0,1.6239123883936533
바스캣/NNG,14.0,5.0,19.0,3.877464426765704
구조조정기금/NNG,19.0,3.0,22.0,8.770455251017665
하락/NNG;위험/NNG,12.0,11.0,23.0,1.5107004260126122
매도전략/NNG,641.0,292.0,933.0,3.03993969857732
자산/NNG;축소/NNG,12.0,11.0,23.0,1.5107004260126122
카드업계/NNG,14.0,12.0,26.0,1.6156101778190435
자산군/NNG,42.0,34.0,76.0,1.7106460706319286
gdp/NNG;증가/NNG,13.0,10.0,23.0,1.8002513409983627
조용/NNG,14.0,9.0,23.0,2.1541469037587246
불확실성/NNG;줄/VV,10.0,7.0,17.0,1.9782981769212777
무가/NNG,9.0,8.0,17.0,1.5579098143255063
최상/NNG,10.0,8.0,18.0,1.731010904806118
심리/NNG;안정/NNG,11.0,10.0,21.0,1.523289596229384
시사점/NNG,96.0,81.0,177.0,1.6412547838161713
내국/NNG,10.0,9.0,19.0,1.5386763598276605
혁신기업/NNG,13.0,8.0,21.0,2.2503141762479535
경제매체/NNG,10.0,10.0,20.0,1.3848087238448943
예상/NNG;하회/NNG,37.0,39.0,76.0,1.3137928918528488
초과지준/NNG,48.0,49.0,97.0,1.3565473213174475
재점검/NNG,14.0,14.0,28.0,1.3848087238448943
지표/NNG;악화/NNG,10.0,10.0,20.0,1.3848087238448943
중앙일보/NNG,9.0,9.0,18.0,1.3848087238448945
떨치/VV,11.0,7.0,18.0,2.176127994613406
올레/NNG,139.0,84.0,223.0,2.2915287216004803
중요도/NNG,35.0,27.0,62.0,1.795122419798937
수출/NNG;양호/NNG,21.0,8.0,29.0,3.635122900092848
타이밍/NNG,154.0,137.0,291.0,1.5566463027161586
후임/NNG,13.0,9.0,22.0,2.0002792677759587
채로/NNG,12.0,6.0,18.0,2.769617447689789
적수/NNG,50.0,34.0,84.0,2.0364834174189625
우선/NNG,49.0,25.0,74.0,2.714225098735993
헐값/NNG,13.0,4.0,17.0,4.500628352495907
통화/NNG;강세/NNG,31.0,25.0,56.0,1.717162817567669
리스크온/NNG,14.0,6.0,20.0,3.231220355638087
양호/NNG;성장/NNG,19.0,20.0,39.0,1.3155682876526495
평균값/NNG,26.0,24.0,50.0,1.5002094508319692
시범/NNG,35.0,13.0,48.0,3.728331179582408
은행/NNG;자본/NNG;확충/NNG,19.0,15.0,34.0,1.7540910502035332
공급계약/NNG,20.0,18.0,38.0,1.5386763598276605
유암/NNG,21.0,3.0,24.0,9.693661066914263
원자재/NNG;상승/NNG,9.0,8.0,17.0,1.5579098143255063
가성비/NNG,16.0,7.0,23.0,3.1652770830740447
그러/NNG,222.0,226.0,448.0,1.3602988349272858
경과물/NNG,18.0,19.0,37.0,1.3119240541688475
수요층/NNG,11.0,9.0,20.0,1.6925439958104267
물가/NNG;상승률/NNG;하락/NNG,19.0,20.0,39.0,1.3155682876526495
경기/NNG;긍정적/VAX,20.0,17.0,37.0,1.62918673393517
비우량/NNG,307.0,292.0,599.0,1.4559461582889817
모디/NNG,56.0,13.0,69.0,5.965329887331853
재정/NNG;흑자/NNG,11.0,8.0,19.0,1.90411199528673
시중/NNG;금리/NNG;상승/NNG,18.0,17.0,35.0,1.4662680605416532
안정/NNG;부정적/VAX;안정/NNG,18.0,13.0,31.0,1.9174274637852387
등급업체/NNG,39.0,32.0,71.0,1.6877356321859651
빈일자리/NNG,14.0,9.0,23.0,2.1541469037587246
입출/NNG,24.0,21.0,45.0,1.582638541537022
평탄/NNG,19.0,13.0,32.0,2.023951211773307
재무구조/NNG;저하/NNG,11.0,6.0,17.0,2.53881599371564
수출업체/NNG,84.0,78.0,162.0,1.4913324718329635
발전사/NNG,10.0,7.0,17.0,1.9782981769212777
국채입찰/NNG;부진/NNG,13.0,6.0,19.0,3.0004189016639384
후광효과/NNG,9.0,8.0,17.0,1.5579098143255063
공개매수/NNG,23.0,1.0,24.0,31.85060064843257
갤러리/NNG,36.0,23.0,59.0,2.1675266981920087
국고채/NNG;수급/NNG;호조/NNG,12.0,10.0,22.0,1.6617704686138732
성장/NNG;전망/NNG;하향/NNG,12.0,9.0,21.0,1.8464116317931925
경기/NNG;모멘텀/NNG;약화/NNG,17.0,17.0,34.0,1.3848087238448945
수주산업/NNG,48.0,37.0,85.0,1.796508614717701
부동산/NNG;거품/NNG,10.0,10.0,20.0,1.3848087238448943
모기지/NNG,499.0,474.0,973.0,1.4578471586468404
순유입액/NNG,14.0,12.0,26.0,1.6156101778190435
일정금액/NNG,13.0,7.0,20.0,2.571787629997661
현금창출력/NNG,72.0,53.0,125.0,1.8812495871100454
추계/NNG,17.0,15.0,32.0,1.569449887024214
원화/NNG;절하/NNG,13.0,9.0,22.0,2.0002792677759587
만기월/NNG,13.0,10.0,23.0,1.8002513409983627
환경부/NNG,15.0,12.0,27.0,1.7310109048061182
당분간/MAG;수요측면/NNG;물가/NNG;상승/NNG;압력/NNG,10.0,7.0,17.0,1.9782981769212777
필자/NNG,31.0,22.0,53.0,1.9513213835996241
부정적/VAX;안정/NNG,14.0,11.0,25.0,1.7624838303480475
쿼터/NNG,20.0,13.0,33.0,2.130474959761376
데스/NNG,20.0,13.0,33.0,2.130474959761376
분해/NNG,40.0,38.0,78.0,1.4576933935209415
알려졌으며/VV,10.0,7.0,17.0,1.9782981769212777
버스트/NNG,9.0,9.0,18.0,1.3848087238448945
부채비율/NNG;개선/NNG,10.0,7.0,17.0,1.9782981769212777
사법/NNG,24.0,25.0,49.0,1.3294163748910985
스왑베이시스/NNG;확대/NNG,11.0,7.0,18.0,2.176127994613406
금리/NNG;인하/NNG;지지/NNG,14.0,12.0,26.0,1.6156101778190435
금고/NNG,99.0,100.0,199.0,1.3709606366064455
평형/NNG,12.0,9.0,21.0,1.8464116317931925
선성/NNG,175.0,68.0,243.0,3.5638459804831846
금리/NNG;하락/NNG;되돌/VV,14.0,7.0,21.0,2.7696174476897886
싸늘/NNG,14.0,9.0,23.0,2.1541469037587246
복무/NNG,9.0,8.0,17.0,1.5579098143255063
신용공여액/NNG,12.0,10.0,22.0,1.6617704686138732
정권/NNG,198.0,168.0,366.0,1.6320959959600543
가깝/VV,11.0,9.0,20.0,1.6925439958104267
유가/NNG;원자재/NNG;가격/NNG;상승/NNG,12.0,11.0,23.0,1.5107004260126122
기업집단/NNG,12.0,12.0,24.0,1.3848087238448945
건설기업/NNG,20.0,8.0,28.0,3.462021809612236
약점/NNG,19.0,14.0,33.0,1.8793832680752138
재보험/NNG,22.0,2.0,24.0,15.23289596229384
인플레이션/NNG;압력/NNG;완화/NNG,11.0,10.0,21.0,1.523289596229384
항셍/NNG,22.0,23.0,45.0,1.3245996488951166
aa+등급/NNG,23.0,20.0,43.0,1.5925300324216285
경기/NNG;지표/NNG;개선/NNG,17.0,12.0,29.0,1.9618123587802672
합의안/NNG,35.0,30.0,65.0,1.6156101778190437
취약성지수/NNG,17.0,6.0,23.0,3.9236247175605343
상업/NNG,282.0,247.0,529.0,1.5810366806650211
경쟁강도/NNG,16.0,16.0,32.0,1.3848087238448945
우체국/NNG,11.0,7.0,18.0,2.176127994613406
차익거래/NNG,67.0,62.0,129.0,1.4964868467356116
산연/NNG,15.0,11.0,26.0,1.8883755325157654
부정적/VAX;안정/NNG;하향/NNG,13.0,9.0,22.0,2.0002792677759587
주석/NNG,49.0,36.0,85.0,1.884878540788884
시추/NNG,44.0,32.0,76.0,1.90411199528673
저평가/NNG;해소/NNG,11.0,10.0,21.0,1.523289596229384
연고점/NNG,41.0,37.0,78.0,1.5345177750713694
세계/NNG;경제/NNG;완만/NNG;회복/NNG,18.0,17.0,35.0,1.4662680605416532
현대/NNG,222.0,236.0,458.0,1.302659053786299
모스/NNG,77.0,74.0,151.0,1.4409496180548225
속한/VV,46.0,40.0,86.0,1.5925300324216285
자본이득/NNG,50.0,41.0,91.0,1.688791126640115
증자/NNG,30.0,27.0,57.0,1.5386763598276605
파업/NNG,49.0,49.0,98.0,1.3848087238448943
중흥/NNG,12.0,9.0,21.0,1.8464116317931925
펀더멘털/NNG;둔화/NNG,10.0,9.0,19.0,1.5386763598276605
실수요/NNG,34.0,30.0,64.0,1.569449887024214
벌금/NNG,41.0,17.0,58.0,3.3398328045670986
푸르/VA,15.0,15.0,30.0,1.3848087238448945
소비/NNG;줄/VV,13.0,12.0,25.0,1.5002094508319692
국책은행/NNG,66.0,30.0,96.0,3.0465791924587684
소비재/NNG,208.0,153.0,361.0,1.8826157814361966
pbr/NNG,370.0,282.0,652.0,1.8169476163922376
소득/NNG;감소/NNG,10.0,8.0,18.0,1.731010904806118
명칭/NNG,12.0,11.0,23.0,1.5107004260126122
정책과제/NNG,12.0,8.0,20.0,2.0772130857673416
민간/NNG;소비/NNG;개선/NNG,15.0,6.0,21.0,3.4620218096122364
잉여금/NNG,42.0,21.0,63.0,2.769617447689789
투자/NNG;활성화/NNG,15.0,12.0,27.0,1.7310109048061182
원년/NNG,14.0,10.0,24.0,1.938732213382852
보험약관/NNG,10.0,9.0,19.0,1.5386763598276605
존중/NNG,18.0,12.0,30.0,2.0772130857673416
이중침체/NNG,60.0,61.0,121.0,1.3621069414867815
금리연동/NNG,11.0,7.0,18.0,2.176127994613406
경제/NNG;긍정적/VAX,30.0,25.0,55.0,1.6617704686138732
위금/NNG,38.0,17.0,55.0,3.095454794476823
금리/NNG;하락/NNG;제한/NNG,25.0,26.0,51.0,1.33154684985086
손익/NNG,263.0,170.0,433.0,2.1423805551247486
농민/NNG,20.0,7.0,27.0,3.9565963538425555
대외/NNG;여건/NNG;개선/NNG,14.0,13.0,27.0,1.4913324718329632
오프닝/NNG,18.0,11.0,29.0,2.2660506390189186
생보사/NNG,161.0,90.0,251.0,2.4772689393225336
테일/NNG,31.0,28.0,59.0,1.5331810871139901
유통물/NNG,12.0,7.0,19.0,2.3739578123055334
혼합형/NNG,356.0,311.0,667.0,1.585182976491262
공시일/NNG,28.0,23.0,51.0,1.6858540985937844
고변동성/NNG,17.0,14.0,31.0,1.681553450383086
스리/NNG,26.0,17.0,43.0,2.117942754115721
보험부채/NNG,13.0,11.0,24.0,1.63659212818033
분할매수/NNG,25.0,22.0,47.0,1.573646277096471
믹스/NNG,40.0,22.0,62.0,2.5178340433543536
예시/NNG,23.0,21.0,44.0,1.5166952689729798
경기/NNG;하방/NNG;위험/NNG,28.0,27.0,55.0,1.4360979358391497
전망/NNG;부진/NNG,13.0,9.0,22.0,2.0002792677759587
금리/NNG;인하/NNG;미루/VV,12.0,9.0,21.0,1.8464116317931925
간다/VV,25.0,18.0,43.0,1.9233454497845754
채무비율/NNG,10.0,9.0,19.0,1.5386763598276605
수주/NNG;부진/NNG,14.0,9.0,23.0,2.1541469037587246
개선/NNG;효과/NNG,28.0,28.0,56.0,1.3848087238448943
프로퍼티/NNG,17.0,9.0,26.0,2.6157498117070226
위험/NNG;없/VA;않/VX,9.0,8.0,17.0,1.5579098143255063
변동계수/NNG,10.0,8.0,18.0,1.731010904806118
위탁매매/NNG,9.0,8.0,17.0,1.5579098143255063
특정금전신탁/NNG,15.0,9.0,24.0,2.3080145397414906
부패/NNG,31.0,28.0,59.0,1.5331810871139901
미/NNG;국채/NNG;금리/NNG;급등/NNG,11.0,7.0,18.0,2.176127994613406
명목/NNG,434.0,450.0,884.0,1.3355710803304095
줄어든다는/VV,11.0,10.0,21.0,1.523289596229384
투자여력/NNG,13.0,5.0,18.0,3.6005026819967254
새로이/MAG,14.0,13.0,27.0,1.4913324718329632
연회비/NNG,13.0,5.0,18.0,3.6005026819967254
금리/NNG;부담/NNG;완화/NNG,10.0,7.0,17.0,1.9782981769212777
대손비용/NNG,44.0,40.0,84.0,1.523289596229384
파워/NNG,136.0,119.0,255.0,1.5826385415370223
굳이/MAG,64.0,57.0,121.0,1.5548729530890044
총괄/NNG,247.0,167.0,414.0,2.048190148441251
유망섹터/NNG,12.0,6.0,18.0,2.769617447689789
역설/NNG,37.0,34.0,71.0,1.5069977288900323
총합계/NNG,26.0,20.0,46.0,1.8002513409983627
다다를/VV,14.0,10.0,24.0,1.938732213382852
적순/NNG,483.0,457.0,940.0,1.4635943405187837
세밀/NNG,14.0,12.0,26.0,1.6156101778190435
국채선물/NNG;가격/NNG;상승/NNG,10.0,8.0,18.0,1.731010904806118
bw/NNG,60.0,54.0,114.0,1.5386763598276605
대여금/NNG,20.0,16.0,36.0,1.731010904806118
베이비스텝/NNG,11.0,6.0,17.0,2.53881599371564
예상/NNG;높/VA,37.0,36.0,73.0,1.423275632840586
경쟁입찰/NNG,74.0,66.0,140.0,1.5526643267351847
비수기/NNG,46.0,33.0,79.0,1.930339433238338
공급자/NNG,11.0,11.0,22.0,1.3848087238448947
자본주의/NNG,15.0,9.0,24.0,2.3080145397414906
초장기물/NNG,127.0,81.0,208.0,2.17124330775681
경기/NNG;개선/NNG,66.0,68.0,134.0,1.3440790554965154
견지/NNG,43.0,40.0,83.0,1.4886693781332614
일반은행/NNG,171.0,124.0,295.0,1.9096959014312658
관전/NNG,47.0,45.0,92.0,1.4463557782380008
함정/NNG,17.0,10.0,27.0,2.3541748305363206
유의미/NNG,33.0,18.0,51.0,2.5388159937156396
운송/NNG,448.0,352.0,800.0,1.7624838303480475
표준편차/NNG,50.0,32.0,82.0,2.1637636310076473
경기/NNG;방어/NNG,10.0,8.0,18.0,1.731010904806118
조각/NNG,22.0,3.0,25.0,10.15526397486256
ff/NNG;금리선물/NNG;시장/NNG;금리/NNG;인하/NNG,14.0,12.0,26.0,1.6156101778190435
지도부/NNG,18.0,19.0,37.0,1.3119240541688475
외국인지분율/NNG,26.0,8.0,34.0,4.500628352495907
토목/NNG,22.0,19.0,41.0,1.603462732873036
신산업/NNG,47.0,16.0,63.0,4.067875626294377
온도/NNG,9.0,8.0,17.0,1.5579098143255063
일드스프레드/NNG,26.0,16.0,42.0,2.2503141762479535
채권시장/NNG;약세/NNG,118.0,82.0,200.0,1.992773529435336
금리/NNG;스프레드/NNG;부담/NNG,33.0,3.0,36.0,15.23289596229384
변동성/NNG;축소/NNG,18.0,15.0,33.0,1.6617704686138737
최종재/NNG,14.0,13.0,27.0,1.4913324718329632
재할인율/NNG,9.0,8.0,17.0,1.5579098143255063
단과/NNG,15.0,11.0,26.0,1.8883755325157654
신중히/MAG,31.0,25.0,56.0,1.717162817567669
성장기반/NNG,16.0,11.0,27.0,2.014267234683483
정상화계획/NNG,16.0,7.0,23.0,3.1652770830740447
쌍둥이적자/NNG,24.0,16.0,40.0,2.0772130857673416
인포/NNG,15.0,10.0,25.0,2.0772130857673416
가수급/NNG,30.0,17.0,47.0,2.4437801009027553
요구불/NNG,22.0,13.0,35.0,2.343522455737514
대외/NNG;불확실성/NNG;확대/NNG,12.0,9.0,21.0,1.8464116317931925
충당금전입액/NNG,11.0,11.0,22.0,1.3848087238448947
예대/NNG,13.0,10.0,23.0,1.8002513409983627
벌이/VV,17.0,18.0,35.0,1.3078749058535113
단서/NNG,32.0,21.0,53.0,2.1101847220493632
바스켓/NNG,22.0,12.0,34.0,2.53881599371564
물가/NNG;상승/NNG;둔화/NNG,25.0,20.0,45.0,1.7310109048061177
욕구/NNG,53.0,51.0,104.0,1.4391149483094001
고채/NNG,93.0,80.0,173.0,1.6098401414696897
이자수익/NNG,125.0,130.0,255.0,1.3315468498508602
메디케이드/NNG,12.0,6.0,18.0,2.769617447689789
싸우/VV,58.0,7.0,65.0,11.474129426143412
국채/NNG;스프레드/NNG;축소/NNG,22.0,21.0,43.0,1.4507519964089373
발사/NNG,50.0,29.0,79.0,2.3876012480084388
실수/NNG,20.0,21.0,41.0,1.318865451280852
경제/NNG;성장률/NNG;둔화/NNG,22.0,22.0,44.0,1.3848087238448947
드신/VV,17.0,1.0,18.0,23.541748305363203
쌓이/VV,29.0,17.0,46.0,2.3623207642059967
개인연금/NNG,31.0,8.0,39.0,5.366133804898966
수요조사/NNG,15.0,10.0,25.0,2.0772130857673416
자치구/NNG,20.0,15.0,35.0,1.846411631793193
월보/NNG,37.0,26.0,63.0,1.970689337779273
신발/NNG,9.0,9.0,18.0,1.3848087238448945
악화/NNG;부정적/VAX,14.0,13.0,27.0,1.4913324718329632
상하이/NNG,89.0,72.0,161.0,1.711777450308272
기준선/NNG,42.0,39.0,81.0,1.4913324718329635
역성장/NNG,68.0,63.0,131.0,1.4947141781182989
금리/NNG;약세/NNG,16.0,14.0,30.0,1.5826385415370223
전망/NNG;확대/NNG,13.0,6.0,19.0,3.0004189016639384
감독청/NNG,15.0,7.0,22.0,2.967447265381917
개선/NNG;조짐/NNG,17.0,18.0,35.0,1.3078749058535113
정부채/NNG,15.0,10.0,25.0,2.0772130857673416
자본/NNG;확충/NNG,46.0,44.0,90.0,1.4477545749287535
무역협정/NNG,26.0,25.0,51.0,1.4402010727986903
징역/NNG,17.0,12.0,29.0,1.9618123587802672
연이/NNG,15.0,13.0,28.0,1.5978562198210322
운용자산/NNG,153.0,106.0,259.0,1.9988276863044232
인플레이션갭/NNG,105.0,102.0,207.0,1.4255383921932736
저축은행/NNG,198.0,210.0,408.0,1.3056767967680434
금리/NNG;스프레드/NNG;축소/NNG,11.0,9.0,20.0,1.6925439958104267
하비/NNG,17.0,2.0,19.0,11.770874152681602
출자/NNG,113.0,117.0,230.0,1.3374648358501973
압류/NNG,41.0,25.0,66.0,2.2710863071056266
상저하고/NNG,56.0,54.0,110.0,1.4360979358391497
중앙값/NNG,23.0,15.0,38.0,2.1233733765621716
설날/NNG,15.0,15.0,30.0,1.3848087238448945
서브프라임사태/NNG,21.0,19.0,40.0,1.5305780631969887
국제기구/NNG,33.0,32.0,65.0,1.4280839964650474
위탁/NNG,36.0,32.0,68.0,1.5579098143255063
전역/NNG,41.0,36.0,77.0,1.577143268823352
식량/NNG,14.0,8.0,22.0,2.4234152667285653
지분가치/NNG,14.0,10.0,24.0,1.938732213382852
리비전/NNG,19.0,8.0,27.0,3.288920719131624
성장/NNG;확대/NNG,14.0,11.0,25.0,1.7624838303480475
기운/NNG,15.0,12.0,27.0,1.7310109048061182
일으키/VV,40.0,41.0,81.0,1.351032901312092
관세율/NNG,37.0,19.0,56.0,2.696732778013742
축역/NNG,22.0,16.0,38.0,1.90411199528673
휴전/NNG,31.0,18.0,49.0,2.3849483577328736
결산/NNG,97.0,96.0,193.0,1.399233814718279
주거비/NNG,176.0,126.0,302.0,1.9343359952119163
량도/NNG,9.0,8.0,17.0,1.5579098143255063
긍정적/VAX;안정/NNG;상향/NNG,12.0,9.0,21.0,1.8464116317931925
우려/NNG;확산/NNG,27.0,19.0,46.0,1.967886081253271
주원/NNG,106.0,29.0,135.0,5.06171464577789
외환당국/NNG,62.0,66.0,128.0,1.3008809223997493
인플레이션/NNG;압력/NNG,40.0,34.0,74.0,1.62918673393517
좀비기업/NNG,53.0,3.0,56.0,24.464954121259805
소비/NNG;심리/NNG;개선/NNG,22.0,13.0,35.0,2.343522455737514
시야/NNG,21.0,12.0,33.0,2.4234152667285658
육상/NNG,44.0,42.0,86.0,1.4507519964089373
인상/NNG;인하/NNG;인상/NNG,10.0,7.0,17.0,1.9782981769212777
포지션/NNG,655.0,685.0,1340.0,1.3241601665962128
국산차/NNG,15.0,7.0,22.0,2.967447265381917
소매/NNG;판매/NNG;증가/NNG,16.0,12.0,28.0,1.846411631793193
경기선/NNG,11.0,9.0,20.0,1.6925439958104267
방편/NNG,14.0,4.0,18.0,4.846830533457131
세세/NNG,11.0,11.0,22.0,1.3848087238448947
소맥/NNG,23.0,21.0,44.0,1.5166952689729798
간소/NNG,28.0,27.0,55.0,1.4360979358391497
목차/NNG,12.0,9.0,21.0,1.8464116317931925
기울/VV,29.0,26.0,55.0,1.5445943458269977
유사시/NNG,48.0,43.0,91.0,1.545832994059417
주호/NNG,23.0,22.0,45.0,1.4477545749287535
반증/NNG,41.0,23.0,64.0,2.4685720729408986
표치/NNG,14.0,9.0,23.0,2.1541469037587246
지급능력/NNG,26.0,10.0,36.0,3.6005026819967254
디아/NNG,21.0,2.0,23.0,14.540491600371393
복원력/NNG,11.0,10.0,21.0,1.523289596229384
전문직/NNG,12.0,5.0,17.0,3.3235409372277465
벤처/NNG,39.0,39.0,78.0,1.3848087238448947
과중/NNG,50.0,39.0,89.0,1.7753957998011467
뛰어들/VV,17.0,17.0,34.0,1.3848087238448945
종사자수/NNG,29.0,3.0,32.0,13.386484330500648
안정/NNG;긍정적/VAX,29.0,27.0,56.0,1.487387147833405
해체/NNG,17.0,18.0,35.0,1.3078749058535113
넓힌/VV,11.0,7.0,18.0,2.176127994613406
역기/NNG,10.0,8.0,18.0,1.731010904806118
광의/NNG,43.0,45.0,88.0,1.3232616694517878
실지/MAG,12.0,6.0,18.0,2.769617447689789
인상기/NNG,98.0,83.0,181.0,1.6350753606843333
인상/NNG;금리/NNG;인상/NNG;금리/NNG;인상/NNG,16.0,10.0,26.0,2.215693958151831
중형주/NNG,26.0,20.0,46.0,1.8002513409983627
유가/NNG;하락/NNG,67.0,63.0,130.0,1.472733087263618
통화/NNG;하락/NNG,16.0,16.0,32.0,1.3848087238448945
지키/VV,39.0,38.0,77.0,1.4212510586829181
석수/NNG,29.0,16.0,45.0,2.5099658119688715
고수익/NNG,29.0,25.0,54.0,1.6063781196600777
소용돌이/NNG,15.0,3.0,18.0,6.924043619224473
투명/NNG,66.0,67.0,133.0,1.3641399369218363
국민당/NNG,15.0,8.0,23.0,2.596516357209177
미정/NNG,54.0,40.0,94.0,1.8694917771906074
무역협회/NNG,12.0,7.0,19.0,2.3739578123055334
장기물/NNG;순매수/NNG;강화/NNG,30.0,16.0,46.0,2.596516357209177
기대/VV,50.0,41.0,91.0,1.688791126640115
어긋나/VV,16.0,7.0,23.0,3.1652770830740447
퍼시픽/NNG,15.0,7.0,22.0,2.967447265381917
매수전략/NNG,763.0,240.0,1003.0,4.402537734556894
장려금/NNG,10.0,9.0,19.0,1.5386763598276605
기온/NNG,19.0,7.0,26.0,3.7587665361504277
성장/NNG;경로/NNG;불확실성/NNG;높/VA,16.0,8.0,24.0,2.769617447689789
새삼/MAG,18.0,19.0,37.0,1.3119240541688475
담당/NNG,245.0,254.0,499.0,1.335740698196847
비이/NNG,11.0,9.0,20.0,1.6925439958104267
데이/NNG,17.0,11.0,28.0,2.1401589368512006
대량/NNG,67.0,68.0,135.0,1.364443889670705
디레버리지/NNG,18.0,19.0,37.0,1.3119240541688475
크로스/NNG,14.0,4.0,18.0,4.846830533457131
메타버스/NNG,19.0,8.0,27.0,3.288920719131624
연출/NNG,49.0,48.0,97.0,1.413658905591663
잣대/NNG,13.0,7.0,20.0,2.571787629997661
시퀘스터/NNG,112.0,8.0,120.0,19.387322133828523
구정/NNG,17.0,11.0,28.0,2.1401589368512006
스스로/NNG,37.0,33.0,70.0,1.5526643267351847
杞憂/NNG,14.0,4.0,18.0,4.846830533457131
예금자/NNG,29.0,22.0,51.0,1.8254296814319066
미/NNG;금리/NNG;하락/NNG,44.0,21.0,65.0,2.9015039928178745
후발주자/NNG,11.0,8.0,19.0,1.90411199528673
고용시장/NNG;둔화/NNG,11.0,8.0,19.0,1.90411199528673
유동성/NNG;악화/NNG,11.0,10.0,21.0,1.523289596229384
신용등급/NNG;상승/NNG,21.0,13.0,34.0,2.236998707749445
추적/NNG,29.0,17.0,46.0,2.3623207642059967
적립금/NNG,53.0,44.0,97.0,1.6680650537222594
의뢰/NNG,15.0,13.0,28.0,1.5978562198210322
환율보고서/NNG,29.0,21.0,50.0,1.9123549043572354
채권분석/NNG,221.0,225.0,446.0,1.360189902087652
금리/NNG;하락/NNG;압력/NNG,24.0,21.0,45.0,1.582638541537022
국방/NNG,44.0,38.0,82.0,1.603462732873036
고용/NNG;지표/NNG;부진/NNG,27.0,16.0,43.0,2.336864721488259
위안/NNG,1064.0,1079.0,2143.0,1.3655574440880145
발행조건/NNG,14.0,12.0,26.0,1.6156101778190435
총평/NNG,15.0,14.0,29.0,1.4837236326909584
순매도세/NNG,19.0,19.0,38.0,1.3848087238448945
비동조화/NNG,20.0,2.0,22.0,13.848087238448944
차갑/VA,10.0,8.0,18.0,1.731010904806118
공식화/NNG,11.0,9.0,20.0,1.6925439958104267
이율/NNG,132.0,91.0,223.0,2.0087335334892975
현금배당/NNG,13.0,12.0,25.0,1.5002094508319692
의사록/NNG,392.0,416.0,808.0,1.3049159128538428
rbc비율/NNG,40.0,36.0,76.0,1.5386763598276605
사칭/NNG,21.0,7.0,28.0,4.154426171534683
미분양/NNG,101.0,89.0,190.0,1.5715245068352173
가맹점/NNG,42.0,40.0,82.0,1.4540491600371392
초단/NNG,21.0,19.0,40.0,1.5305780631969887
설득력/NNG,23.0,21.0,44.0,1.5166952689729798
이표/NNG,215.0,90.0,305.0,3.30815417362947
총채/NNG,38.0,31.0,69.0,1.6975074679389026
여력/NNG;확보/NNG,17.0,11.0,28.0,2.1401589368512006
편승/NNG,25.0,16.0,41.0,2.1637636310076473
불안/NNG;확산/NNG,23.0,19.0,42.0,1.6763474025490828
실적치/NNG,13.0,11.0,24.0,1.63659212818033
그리스사태/NNG,23.0,15.0,38.0,2.1233733765621716
대립/NNG,72.0,75.0,147.0,1.3294163748910985
수출/NNG;긍정적/VAX,11.0,10.0,21.0,1.523289596229384
박진/NNG,175.0,71.0,246.0,3.4132609390543176
고소득층/NNG,17.0,13.0,30.0,1.8109037157971697
기대/NNG;강화/NNG,19.0,20.0,39.0,1.3155682876526495
자본비율/NNG,222.0,195.0,417.0,1.5765514702234185
