,범례명,기준금리
1,2014-01-01,2.5
2,2014-01-02,2.5
3,2014-01-03,2.5
4,2014-01-04,2.5
5,2014-01-05,2.5
6,2014-01-06,2.5
7,2014-01-07,2.5
8,2014-01-08,2.5
9,2014-01-09,2.5
10,2014-01-10,2.5
11,2014-01-11,2.5
12,2014-01-12,2.5
13,2014-01-13,2.5
14,2014-01-14,2.5
15,2014-01-15,2.5
16,2014-01-16,2.5
17,2014-01-17,2.5
18,2014-01-18,2.5
19,2014-01-19,2.5
20,2014-01-20,2.5
21,2014-01-21,2.5
22,2014-01-22,2.5
23,2014-01-23,2.5
24,2014-01-24,2.5
25,2014-01-25,2.5
26,2014-01-26,2.5
27,2014-01-27,2.5
28,2014-01-28,2.5
29,2014-01-29,2.5
30,2014-01-30,2.5
31,2014-01-31,2.5
32,2014-02-01,2.5
33,2014-02-02,2.5
34,2014-02-03,2.5
35,2014-02-04,2.5
36,2014-02-05,2.5
37,2014-02-06,2.5
38,2014-02-07,2.5
39,2014-02-08,2.5
40,2014-02-09,2.5
41,2014-02-10,2.5
42,2014-02-11,2.5
43,2014-02-12,2.5
44,2014-02-13,2.5
45,2014-02-14,2.5
46,2014-02-15,2.5
47,2014-02-16,2.5
48,2014-02-17,2.5
49,2014-02-18,2.5
50,2014-02-19,2.5
51,2014-02-20,2.5
52,2014-02-21,2.5
53,2014-02-22,2.5
54,2014-02-23,2.5
55,2014-02-24,2.5
56,2014-02-25,2.5
57,2014-02-26,2.5
58,2014-02-27,2.5
59,2014-02-28,2.5
60,2014-03-01,2.5
61,2014-03-02,2.5
62,2014-03-03,2.5
63,2014-03-04,2.5
64,2014-03-05,2.5
65,2014-03-06,2.5
66,2014-03-07,2.5
67,2014-03-08,2.5
68,2014-03-09,2.5
69,2014-03-10,2.5
70,2014-03-11,2.5
71,2014-03-12,2.5
72,2014-03-13,2.5
73,2014-03-14,2.5
74,2014-03-15,2.5
75,2014-03-16,2.5
76,2014-03-17,2.5
77,2014-03-18,2.5
78,2014-03-19,2.5
79,2014-03-20,2.5
80,2014-03-21,2.5
81,2014-03-22,2.5
82,2014-03-23,2.5
83,2014-03-24,2.5
84,2014-03-25,2.5
85,2014-03-26,2.5
86,2014-03-27,2.5
87,2014-03-28,2.5
88,2014-03-29,2.5
89,2014-03-30,2.5
90,2014-03-31,2.5
91,2014-04-01,2.5
92,2014-04-02,2.5
93,2014-04-03,2.5
94,2014-04-04,2.5
95,2014-04-05,2.5
96,2014-04-06,2.5
97,2014-04-07,2.5
98,2014-04-08,2.5
99,2014-04-09,2.5
100,2014-04-10,2.5
101,2014-04-11,2.5
102,2014-04-12,2.5
103,2014-04-13,2.5
104,2014-04-14,2.5
105,2014-04-15,2.5
106,2014-04-16,2.5
107,2014-04-17,2.5
108,2014-04-18,2.5
109,2014-04-19,2.5
110,2014-04-20,2.5
111,2014-04-21,2.5
112,2014-04-22,2.5
113,2014-04-23,2.5
114,2014-04-24,2.5
115,2014-04-25,2.5
116,2014-04-26,2.5
117,2014-04-27,2.5
118,2014-04-28,2.5
119,2014-04-29,2.5
120,2014-04-30,2.5
121,2014-05-01,2.5
122,2014-05-02,2.5
123,2014-05-03,2.5
124,2014-05-04,2.5
125,2014-05-05,2.5
126,2014-05-06,2.5
127,2014-05-07,2.5
128,2014-05-08,2.5
129,2014-05-09,2.5
130,2014-05-10,2.5
131,2014-05-11,2.5
132,2014-05-12,2.5
133,2014-05-13,2.5
134,2014-05-14,2.5
135,2014-05-15,2.5
136,2014-05-16,2.5
137,2014-05-17,2.5
138,2014-05-18,2.5
139,2014-05-19,2.5
140,2014-05-20,2.5
141,2014-05-21,2.5
142,2014-05-22,2.5
143,2014-05-23,2.5
144,2014-05-24,2.5
145,2014-05-25,2.5
146,2014-05-26,2.5
147,2014-05-27,2.5
148,2014-05-28,2.5
149,2014-05-29,2.5
150,2014-05-30,2.5
151,2014-05-31,2.5
152,2014-06-01,2.5
153,2014-06-02,2.5
154,2014-06-03,2.5
155,2014-06-04,2.5
156,2014-06-05,2.5
157,2014-06-06,2.5
158,2014-06-07,2.5
159,2014-06-08,2.5
160,2014-06-09,2.5
161,2014-06-10,2.5
162,2014-06-11,2.5
163,2014-06-12,2.5
164,2014-06-13,2.5
165,2014-06-14,2.5
166,2014-06-15,2.5
167,2014-06-16,2.5
168,2014-06-17,2.5
169,2014-06-18,2.5
170,2014-06-19,2.5
171,2014-06-20,2.5
172,2014-06-21,2.5
173,2014-06-22,2.5
174,2014-06-23,2.5
175,2014-06-24,2.5
176,2014-06-25,2.5
177,2014-06-26,2.5
178,2014-06-27,2.5
179,2014-06-28,2.5
180,2014-06-29,2.5
181,2014-06-30,2.5
182,2014-07-01,2.5
183,2014-07-02,2.5
184,2014-07-03,2.5
185,2014-07-04,2.5
186,2014-07-05,2.5
187,2014-07-06,2.5
188,2014-07-07,2.5
189,2014-07-08,2.5
190,2014-07-09,2.5
191,2014-07-10,2.5
192,2014-07-11,2.5
193,2014-07-12,2.5
194,2014-07-13,2.5
195,2014-07-14,2.5
196,2014-07-15,2.5
197,2014-07-16,2.5
198,2014-07-17,2.5
199,2014-07-18,2.5
200,2014-07-19,2.5
201,2014-07-20,2.5
202,2014-07-21,2.5
203,2014-07-22,2.5
204,2014-07-23,2.5
205,2014-07-24,2.5
206,2014-07-25,2.5
207,2014-07-26,2.5
208,2014-07-27,2.5
209,2014-07-28,2.5
210,2014-07-29,2.5
211,2014-07-30,2.5
212,2014-07-31,2.5
213,2014-08-01,2.5
214,2014-08-02,2.5
215,2014-08-03,2.5
216,2014-08-04,2.5
217,2014-08-05,2.5
218,2014-08-06,2.5
219,2014-08-07,2.5
220,2014-08-08,2.5
221,2014-08-09,2.5
222,2014-08-10,2.5
223,2014-08-11,2.5
224,2014-08-12,2.5
225,2014-08-13,2.5
226,2014-08-14,2.25
227,2014-08-15,2.25
228,2014-08-16,2.25
229,2014-08-17,2.25
230,2014-08-18,2.25
231,2014-08-19,2.25
232,2014-08-20,2.25
233,2014-08-21,2.25
234,2014-08-22,2.25
235,2014-08-23,2.25
236,2014-08-24,2.25
237,2014-08-25,2.25
238,2014-08-26,2.25
239,2014-08-27,2.25
240,2014-08-28,2.25
241,2014-08-29,2.25
242,2014-08-30,2.25
243,2014-08-31,2.25
244,2014-09-01,2.25
245,2014-09-02,2.25
246,2014-09-03,2.25
247,2014-09-04,2.25
248,2014-09-05,2.25
249,2014-09-06,2.25
250,2014-09-07,2.25
251,2014-09-08,2.25
252,2014-09-09,2.25
253,2014-09-10,2.25
254,2014-09-11,2.25
255,2014-09-12,2.25
256,2014-09-13,2.25
257,2014-09-14,2.25
258,2014-09-15,2.25
259,2014-09-16,2.25
260,2014-09-17,2.25
261,2014-09-18,2.25
262,2014-09-19,2.25
263,2014-09-20,2.25
264,2014-09-21,2.25
265,2014-09-22,2.25
266,2014-09-23,2.25
267,2014-09-24,2.25
268,2014-09-25,2.25
269,2014-09-26,2.25
270,2014-09-27,2.25
271,2014-09-28,2.25
272,2014-09-29,2.25
273,2014-09-30,2.25
274,2014-10-01,2.25
275,2014-10-02,2.25
276,2014-10-03,2.25
277,2014-10-04,2.25
278,2014-10-05,2.25
279,2014-10-06,2.25
280,2014-10-07,2.25
281,2014-10-08,2.25
282,2014-10-09,2.25
283,2014-10-10,2.25
284,2014-10-11,2.25
285,2014-10-12,2.25
286,2014-10-13,2.25
287,2014-10-14,2.25
288,2014-10-15,2.0
289,2014-10-16,2.0
290,2014-10-17,2.0
291,2014-10-18,2.0
292,2014-10-19,2.0
293,2014-10-20,2.0
294,2014-10-21,2.0
295,2014-10-22,2.0
296,2014-10-23,2.0
297,2014-10-24,2.0
298,2014-10-25,2.0
299,2014-10-26,2.0
300,2014-10-27,2.0
301,2014-10-28,2.0
302,2014-10-29,2.0
303,2014-10-30,2.0
304,2014-10-31,2.0
305,2014-11-01,2.0
306,2014-11-02,2.0
307,2014-11-03,2.0
308,2014-11-04,2.0
309,2014-11-05,2.0
310,2014-11-06,2.0
311,2014-11-07,2.0
312,2014-11-08,2.0
313,2014-11-09,2.0
314,2014-11-10,2.0
315,2014-11-11,2.0
316,2014-11-12,2.0
317,2014-11-13,2.0
318,2014-11-14,2.0
319,2014-11-15,2.0
320,2014-11-16,2.0
321,2014-11-17,2.0
322,2014-11-18,2.0
323,2014-11-19,2.0
324,2014-11-20,2.0
325,2014-11-21,2.0
326,2014-11-22,2.0
327,2014-11-23,2.0
328,2014-11-24,2.0
329,2014-11-25,2.0
330,2014-11-26,2.0
331,2014-11-27,2.0
332,2014-11-28,2.0
333,2014-11-29,2.0
334,2014-11-30,2.0
335,2014-12-01,2.0
336,2014-12-02,2.0
337,2014-12-03,2.0
338,2014-12-04,2.0
339,2014-12-05,2.0
340,2014-12-06,2.0
341,2014-12-07,2.0
342,2014-12-08,2.0
343,2014-12-09,2.0
344,2014-12-10,2.0
345,2014-12-11,2.0
346,2014-12-12,2.0
347,2014-12-13,2.0
348,2014-12-14,2.0
349,2014-12-15,2.0
350,2014-12-16,2.0
351,2014-12-17,2.0
352,2014-12-18,2.0
353,2014-12-19,2.0
354,2014-12-20,2.0
355,2014-12-21,2.0
356,2014-12-22,2.0
357,2014-12-23,2.0
358,2014-12-24,2.0
359,2014-12-25,2.0
360,2014-12-26,2.0
361,2014-12-27,2.0
362,2014-12-28,2.0
363,2014-12-29,2.0
364,2014-12-30,2.0
365,2014-12-31,2.0
366,2015-01-01,2.0
367,2015-01-02,2.0
368,2015-01-03,2.0
369,2015-01-04,2.0
370,2015-01-05,2.0
371,2015-01-06,2.0
372,2015-01-07,2.0
373,2015-01-08,2.0
374,2015-01-09,2.0
375,2015-01-10,2.0
376,2015-01-11,2.0
377,2015-01-12,2.0
378,2015-01-13,2.0
379,2015-01-14,2.0
380,2015-01-15,2.0
381,2015-01-16,2.0
382,2015-01-17,2.0
383,2015-01-18,2.0
384,2015-01-19,2.0
385,2015-01-20,2.0
386,2015-01-21,2.0
387,2015-01-22,2.0
388,2015-01-23,2.0
389,2015-01-24,2.0
390,2015-01-25,2.0
391,2015-01-26,2.0
392,2015-01-27,2.0
393,2015-01-28,2.0
394,2015-01-29,2.0
395,2015-01-30,2.0
396,2015-01-31,2.0
397,2015-02-01,2.0
398,2015-02-02,2.0
399,2015-02-03,2.0
400,2015-02-04,2.0
401,2015-02-05,2.0
402,2015-02-06,2.0
403,2015-02-07,2.0
404,2015-02-08,2.0
405,2015-02-09,2.0
406,2015-02-10,2.0
407,2015-02-11,2.0
408,2015-02-12,2.0
409,2015-02-13,2.0
410,2015-02-14,2.0
411,2015-02-15,2.0
412,2015-02-16,2.0
413,2015-02-17,2.0
414,2015-02-18,2.0
415,2015-02-19,2.0
416,2015-02-20,2.0
417,2015-02-21,2.0
418,2015-02-22,2.0
419,2015-02-23,2.0
420,2015-02-24,2.0
421,2015-02-25,2.0
422,2015-02-26,2.0
423,2015-02-27,2.0
424,2015-02-28,2.0
425,2015-03-01,2.0
426,2015-03-02,2.0
427,2015-03-03,2.0
428,2015-03-04,2.0
429,2015-03-05,2.0
430,2015-03-06,2.0
431,2015-03-07,2.0
432,2015-03-08,2.0
433,2015-03-09,2.0
434,2015-03-10,2.0
435,2015-03-11,2.0
436,2015-03-12,1.75
437,2015-03-13,1.75
438,2015-03-14,1.75
439,2015-03-15,1.75
440,2015-03-16,1.75
441,2015-03-17,1.75
442,2015-03-18,1.75
443,2015-03-19,1.75
444,2015-03-20,1.75
445,2015-03-21,1.75
446,2015-03-22,1.75
447,2015-03-23,1.75
448,2015-03-24,1.75
449,2015-03-25,1.75
450,2015-03-26,1.75
451,2015-03-27,1.75
452,2015-03-28,1.75
453,2015-03-29,1.75
454,2015-03-30,1.75
455,2015-03-31,1.75
456,2015-04-01,1.75
457,2015-04-02,1.75
458,2015-04-03,1.75
459,2015-04-04,1.75
460,2015-04-05,1.75
461,2015-04-06,1.75
462,2015-04-07,1.75
463,2015-04-08,1.75
464,2015-04-09,1.75
465,2015-04-10,1.75
466,2015-04-11,1.75
467,2015-04-12,1.75
468,2015-04-13,1.75
469,2015-04-14,1.75
470,2015-04-15,1.75
471,2015-04-16,1.75
472,2015-04-17,1.75
473,2015-04-18,1.75
474,2015-04-19,1.75
475,2015-04-20,1.75
476,2015-04-21,1.75
477,2015-04-22,1.75
478,2015-04-23,1.75
479,2015-04-24,1.75
480,2015-04-25,1.75
481,2015-04-26,1.75
482,2015-04-27,1.75
483,2015-04-28,1.75
484,2015-04-29,1.75
485,2015-04-30,1.75
486,2015-05-01,1.75
487,2015-05-02,1.75
488,2015-05-03,1.75
489,2015-05-04,1.75
490,2015-05-05,1.75
491,2015-05-06,1.75
492,2015-05-07,1.75
493,2015-05-08,1.75
494,2015-05-09,1.75
495,2015-05-10,1.75
496,2015-05-11,1.75
497,2015-05-12,1.75
498,2015-05-13,1.75
499,2015-05-14,1.75
500,2015-05-15,1.75
501,2015-05-16,1.75
502,2015-05-17,1.75
503,2015-05-18,1.75
504,2015-05-19,1.75
505,2015-05-20,1.75
506,2015-05-21,1.75
507,2015-05-22,1.75
508,2015-05-23,1.75
509,2015-05-24,1.75
510,2015-05-25,1.75
511,2015-05-26,1.75
512,2015-05-27,1.75
513,2015-05-28,1.75
514,2015-05-29,1.75
515,2015-05-30,1.75
516,2015-05-31,1.75
517,2015-06-01,1.75
518,2015-06-02,1.75
519,2015-06-03,1.75
520,2015-06-04,1.75
521,2015-06-05,1.75
522,2015-06-06,1.75
523,2015-06-07,1.75
524,2015-06-08,1.75
525,2015-06-09,1.75
526,2015-06-10,1.75
527,2015-06-11,1.5
528,2015-06-12,1.5
529,2015-06-13,1.5
530,2015-06-14,1.5
531,2015-06-15,1.5
532,2015-06-16,1.5
533,2015-06-17,1.5
534,2015-06-18,1.5
535,2015-06-19,1.5
536,2015-06-20,1.5
537,2015-06-21,1.5
538,2015-06-22,1.5
539,2015-06-23,1.5
540,2015-06-24,1.5
541,2015-06-25,1.5
542,2015-06-26,1.5
543,2015-06-27,1.5
544,2015-06-28,1.5
545,2015-06-29,1.5
546,2015-06-30,1.5
547,2015-07-01,1.5
548,2015-07-02,1.5
549,2015-07-03,1.5
550,2015-07-04,1.5
551,2015-07-05,1.5
552,2015-07-06,1.5
553,2015-07-07,1.5
554,2015-07-08,1.5
555,2015-07-09,1.5
556,2015-07-10,1.5
557,2015-07-11,1.5
558,2015-07-12,1.5
559,2015-07-13,1.5
560,2015-07-14,1.5
561,2015-07-15,1.5
562,2015-07-16,1.5
563,2015-07-17,1.5
564,2015-07-18,1.5
565,2015-07-19,1.5
566,2015-07-20,1.5
567,2015-07-21,1.5
568,2015-07-22,1.5
569,2015-07-23,1.5
570,2015-07-24,1.5
571,2015-07-25,1.5
572,2015-07-26,1.5
573,2015-07-27,1.5
574,2015-07-28,1.5
575,2015-07-29,1.5
576,2015-07-30,1.5
577,2015-07-31,1.5
578,2015-08-01,1.5
579,2015-08-02,1.5
580,2015-08-03,1.5
581,2015-08-04,1.5
582,2015-08-05,1.5
583,2015-08-06,1.5
584,2015-08-07,1.5
585,2015-08-08,1.5
586,2015-08-09,1.5
587,2015-08-10,1.5
588,2015-08-11,1.5
589,2015-08-12,1.5
590,2015-08-13,1.5
591,2015-08-14,1.5
592,2015-08-15,1.5
593,2015-08-16,1.5
594,2015-08-17,1.5
595,2015-08-18,1.5
596,2015-08-19,1.5
597,2015-08-20,1.5
598,2015-08-21,1.5
599,2015-08-22,1.5
600,2015-08-23,1.5
601,2015-08-24,1.5
602,2015-08-25,1.5
603,2015-08-26,1.5
604,2015-08-27,1.5
605,2015-08-28,1.5
606,2015-08-29,1.5
607,2015-08-30,1.5
608,2015-08-31,1.5
609,2015-09-01,1.5
610,2015-09-02,1.5
611,2015-09-03,1.5
612,2015-09-04,1.5
613,2015-09-05,1.5
614,2015-09-06,1.5
615,2015-09-07,1.5
616,2015-09-08,1.5
617,2015-09-09,1.5
618,2015-09-10,1.5
619,2015-09-11,1.5
620,2015-09-12,1.5
621,2015-09-13,1.5
622,2015-09-14,1.5
623,2015-09-15,1.5
624,2015-09-16,1.5
625,2015-09-17,1.5
626,2015-09-18,1.5
627,2015-09-19,1.5
628,2015-09-20,1.5
629,2015-09-21,1.5
630,2015-09-22,1.5
631,2015-09-23,1.5
632,2015-09-24,1.5
633,2015-09-25,1.5
634,2015-09-26,1.5
635,2015-09-27,1.5
636,2015-09-28,1.5
637,2015-09-29,1.5
638,2015-09-30,1.5
639,2015-10-01,1.5
640,2015-10-02,1.5
641,2015-10-03,1.5
642,2015-10-04,1.5
643,2015-10-05,1.5
644,2015-10-06,1.5
645,2015-10-07,1.5
646,2015-10-08,1.5
647,2015-10-09,1.5
648,2015-10-10,1.5
649,2015-10-11,1.5
650,2015-10-12,1.5
651,2015-10-13,1.5
652,2015-10-14,1.5
653,2015-10-15,1.5
654,2015-10-16,1.5
655,2015-10-17,1.5
656,2015-10-18,1.5
657,2015-10-19,1.5
658,2015-10-20,1.5
659,2015-10-21,1.5
660,2015-10-22,1.5
661,2015-10-23,1.5
662,2015-10-24,1.5
663,2015-10-25,1.5
664,2015-10-26,1.5
665,2015-10-27,1.5
666,2015-10-28,1.5
667,2015-10-29,1.5
668,2015-10-30,1.5
669,2015-11-01,1.5
670,2015-11-02,1.5
671,2015-11-03,1.5
672,2015-11-04,1.5
673,2015-11-05,1.5
674,2015-11-06,1.5
675,2015-11-07,1.5
676,2015-11-08,1.5
677,2015-11-09,1.5
678,2015-11-10,1.5
679,2015-11-11,1.5
680,2015-11-12,1.5
681,2015-11-13,1.5
682,2015-11-14,1.5
683,2015-11-15,1.5
684,2015-11-16,1.5
685,2015-11-17,1.5
686,2015-11-18,1.5
687,2015-11-19,1.5
688,2015-11-20,1.5
689,2015-11-21,1.5
690,2015-11-22,1.5
691,2015-11-23,1.5
692,2015-11-24,1.5
693,2015-11-25,1.5
694,2015-11-26,1.5
695,2015-11-27,1.5
696,2015-11-28,1.5
697,2015-11-29,1.5
698,2015-11-30,1.5
699,2015-12-01,1.5
700,2015-12-02,1.5
701,2015-12-03,1.5
702,2015-12-04,1.5
703,2015-12-05,1.5
704,2015-12-06,1.5
705,2015-12-07,1.5
706,2015-12-08,1.5
707,2015-12-09,1.5
708,2015-12-10,1.5
709,2015-12-11,1.5
710,2015-12-12,1.5
711,2015-12-13,1.5
712,2015-12-14,1.5
713,2015-12-15,1.5
714,2015-12-16,1.5
715,2015-12-17,1.5
716,2015-12-18,1.5
717,2015-12-19,1.5
718,2015-12-20,1.5
719,2015-12-21,1.5
720,2015-12-22,1.5
721,2015-12-23,1.5
722,2015-12-24,1.5
723,2015-12-25,1.5
724,2015-12-26,1.5
725,2015-12-27,1.5
726,2015-12-28,1.5
727,2015-12-29,1.5
728,2015-12-30,1.5
729,2015-12-31,1.5
730,2016-01-01,1.5
731,2016-01-02,1.5
732,2016-01-03,1.5
733,2016-01-04,1.5
734,2016-01-05,1.5
735,2016-01-06,1.5
736,2016-01-07,1.5
737,2016-01-08,1.5
738,2016-01-09,1.5
739,2016-01-10,1.5
740,2016-01-11,1.5
741,2016-01-12,1.5
742,2016-01-13,1.5
743,2016-01-14,1.5
744,2016-01-15,1.5
745,2016-01-16,1.5
746,2016-01-17,1.5
747,2016-01-18,1.5
748,2016-01-19,1.5
749,2016-01-20,1.5
750,2016-01-21,1.5
751,2016-01-22,1.5
752,2016-01-23,1.5
753,2016-01-24,1.5
754,2016-01-25,1.5
755,2016-01-26,1.5
756,2016-01-27,1.5
757,2016-01-28,1.5
758,2016-01-29,1.5
759,2016-01-30,1.5
760,2016-01-31,1.5
761,2016-02-01,1.5
762,2016-02-02,1.5
763,2016-02-03,1.5
764,2016-02-04,1.5
765,2016-02-05,1.5
766,2016-02-06,1.5
767,2016-02-07,1.5
768,2016-02-08,1.5
769,2016-02-09,1.5
770,2016-02-10,1.5
771,2016-02-11,1.5
772,2016-02-12,1.5
773,2016-02-13,1.5
774,2016-02-14,1.5
775,2016-02-15,1.5
776,2016-02-16,1.5
777,2016-02-17,1.5
778,2016-02-18,1.5
779,2016-02-19,1.5
780,2016-02-20,1.5
781,2016-02-21,1.5
782,2016-02-22,1.5
783,2016-02-23,1.5
784,2016-02-24,1.5
785,2016-02-25,1.5
786,2016-02-26,1.5
787,2016-02-27,1.5
788,2016-02-28,1.5
789,2016-02-29,1.5
790,2016-03-01,1.5
791,2016-03-02,1.5
792,2016-03-03,1.5
793,2016-03-04,1.5
794,2016-03-05,1.5
795,2016-03-06,1.5
796,2016-03-07,1.5
797,2016-03-08,1.5
798,2016-03-09,1.5
799,2016-03-10,1.5
800,2016-03-11,1.5
801,2016-03-12,1.5
802,2016-03-13,1.5
803,2016-03-14,1.5
804,2016-03-15,1.5
805,2016-03-16,1.5
806,2016-03-17,1.5
807,2016-03-18,1.5
808,2016-03-19,1.5
809,2016-03-20,1.5
810,2016-03-21,1.5
811,2016-03-22,1.5
812,2016-03-23,1.5
813,2016-03-24,1.5
814,2016-03-25,1.5
815,2016-03-26,1.5
816,2016-03-27,1.5
817,2016-03-28,1.5
818,2016-03-29,1.5
819,2016-03-30,1.5
820,2016-03-31,1.5
821,2016-04-01,1.5
822,2016-04-02,1.5
823,2016-04-03,1.5
824,2016-04-04,1.5
825,2016-04-05,1.5
826,2016-04-06,1.5
827,2016-04-07,1.5
828,2016-04-08,1.5
829,2016-04-09,1.5
830,2016-04-10,1.5
831,2016-04-11,1.5
832,2016-04-12,1.5
833,2016-04-13,1.5
834,2016-04-14,1.5
835,2016-04-15,1.5
836,2016-04-16,1.5
837,2016-04-17,1.5
838,2016-04-18,1.5
839,2016-04-19,1.5
840,2016-04-20,1.5
841,2016-04-21,1.5
842,2016-04-22,1.5
843,2016-04-23,1.5
844,2016-04-24,1.5
845,2016-04-25,1.5
846,2016-04-26,1.5
847,2016-04-27,1.5
848,2016-04-28,1.5
849,2016-04-29,1.5
850,2016-04-30,1.5
851,2016-05-01,1.5
852,2016-05-02,1.5
853,2016-05-03,1.5
854,2016-05-04,1.5
855,2016-05-05,1.5
856,2016-05-06,1.5
857,2016-05-07,1.5
858,2016-05-08,1.5
859,2016-05-09,1.5
860,2016-05-10,1.5
861,2016-05-11,1.5
862,2016-05-12,1.5
863,2016-05-13,1.5
864,2016-05-14,1.5
865,2016-05-15,1.5
866,2016-05-16,1.5
867,2016-05-17,1.5
868,2016-05-18,1.5
869,2016-05-19,1.5
870,2016-05-20,1.5
871,2016-05-21,1.5
872,2016-05-22,1.5
873,2016-05-23,1.5
874,2016-05-24,1.5
875,2016-05-25,1.5
876,2016-05-26,1.5
877,2016-05-27,1.5
878,2016-05-28,1.5
879,2016-05-29,1.5
880,2016-05-30,1.5
881,2016-05-31,1.5
882,2016-06-01,1.5
883,2016-06-02,1.5
884,2016-06-03,1.5
885,2016-06-04,1.5
886,2016-06-05,1.5
887,2016-06-06,1.5
888,2016-06-07,1.5
889,2016-06-08,1.5
890,2016-06-09,1.25
891,2016-06-10,1.25
892,2016-06-11,1.25
893,2016-06-12,1.25
894,2016-06-13,1.25
895,2016-06-14,1.25
896,2016-06-15,1.25
897,2016-06-16,1.25
898,2016-06-17,1.25
899,2016-06-18,1.25
900,2016-06-19,1.25
901,2016-06-20,1.25
902,2016-06-21,1.25
903,2016-06-22,1.25
904,2016-06-23,1.25
905,2016-06-24,1.25
906,2016-06-25,1.25
907,2016-06-26,1.25
908,2016-06-27,1.25
909,2016-06-28,1.25
910,2016-06-29,1.25
911,2016-06-30,1.25
912,2016-07-01,1.25
913,2016-07-02,1.25
914,2016-07-03,1.25
915,2016-07-04,1.25
916,2016-07-05,1.25
917,2016-07-06,1.25
918,2016-07-07,1.25
919,2016-07-08,1.25
920,2016-07-09,1.25
921,2016-07-10,1.25
922,2016-07-11,1.25
923,2016-07-12,1.25
924,2016-07-13,1.25
925,2016-07-14,1.25
926,2016-07-15,1.25
927,2016-07-16,1.25
928,2016-07-17,1.25
929,2016-07-18,1.25
930,2016-07-19,1.25
931,2016-07-20,1.25
932,2016-07-21,1.25
933,2016-07-22,1.25
934,2016-07-23,1.25
935,2016-07-24,1.25
936,2016-07-25,1.25
937,2016-07-26,1.25
938,2016-07-27,1.25
939,2016-07-28,1.25
940,2016-07-29,1.25
941,2016-07-30,1.25
942,2016-07-31,1.25
943,2016-08-01,1.25
944,2016-08-02,1.25
945,2016-08-03,1.25
946,2016-08-04,1.25
947,2016-08-05,1.25
948,2016-08-06,1.25
949,2016-08-07,1.25
950,2016-08-08,1.25
951,2016-08-09,1.25
952,2016-08-10,1.25
953,2016-08-11,1.25
954,2016-08-12,1.25
955,2016-08-13,1.25
956,2016-08-14,1.25
957,2016-08-15,1.25
958,2016-08-16,1.25
959,2016-08-17,1.25
960,2016-08-18,1.25
961,2016-08-19,1.25
962,2016-08-20,1.25
963,2016-08-21,1.25
964,2016-08-22,1.25
965,2016-08-23,1.25
966,2016-08-24,1.25
967,2016-08-25,1.25
968,2016-08-26,1.25
969,2016-08-27,1.25
970,2016-08-28,1.25
971,2016-08-29,1.25
972,2016-08-30,1.25
973,2016-08-31,1.25
974,2016-09-01,1.25
975,2016-09-02,1.25
976,2016-09-03,1.25
977,2016-09-04,1.25
978,2016-09-05,1.25
979,2016-09-06,1.25
980,2016-09-07,1.25
981,2016-09-08,1.25
982,2016-09-09,1.25
983,2016-09-10,1.25
984,2016-09-11,1.25
985,2016-09-12,1.25
986,2016-09-13,1.25
987,2016-09-14,1.25
988,2016-09-15,1.25
989,2016-09-16,1.25
990,2016-09-17,1.25
991,2016-09-18,1.25
992,2016-09-19,1.25
993,2016-09-20,1.25
994,2016-09-21,1.25
995,2016-09-22,1.25
996,2016-09-23,1.25
997,2016-09-24,1.25
998,2016-09-25,1.25
999,2016-09-26,1.25
1000,2016-09-27,1.25
1001,2016-09-28,1.25
1002,2016-09-29,1.25
1003,2016-09-30,1.25
1004,2016-10-01,1.25
1005,2016-10-02,1.25
1006,2016-10-03,1.25
1007,2016-10-04,1.25
1008,2016-10-05,1.25
1009,2016-10-06,1.25
1010,2016-10-07,1.25
1011,2016-10-08,1.25
1012,2016-10-09,1.25
1013,2016-10-10,1.25
1014,2016-10-11,1.25
1015,2016-10-12,1.25
1016,2016-10-13,1.25
1017,2016-10-14,1.25
1018,2016-10-15,1.25
1019,2016-10-16,1.25
1020,2016-10-17,1.25
1021,2016-10-18,1.25
1022,2016-10-19,1.25
1023,2016-10-20,1.25
1024,2016-10-21,1.25
1025,2016-10-22,1.25
1026,2016-10-23,1.25
1027,2016-10-24,1.25
1028,2016-10-25,1.25
1029,2016-10-26,1.25
1030,2016-10-27,1.25
1031,2016-10-28,1.25
1032,2016-10-29,1.25
1033,2016-10-30,1.25
1034,2016-10-31,1.25
1035,2016-11-01,1.25
1036,2016-11-02,1.25
1037,2016-11-03,1.25
1038,2016-11-04,1.25
1039,2016-11-05,1.25
1040,2016-11-06,1.25
1041,2016-11-07,1.25
1042,2016-11-08,1.25
1043,2016-11-09,1.25
1044,2016-11-10,1.25
1045,2016-11-11,1.25
1046,2016-11-12,1.25
1047,2016-11-13,1.25
1048,2016-11-14,1.25
1049,2016-11-15,1.25
1050,2016-11-16,1.25
1051,2016-11-17,1.25
1052,2016-11-18,1.25
1053,2016-11-19,1.25
1054,2016-11-20,1.25
1055,2016-11-21,1.25
1056,2016-11-22,1.25
1057,2016-11-23,1.25
1058,2016-11-24,1.25
1059,2016-11-25,1.25
1060,2016-11-26,1.25
1061,2016-11-27,1.25
1062,2016-11-28,1.25
1063,2016-11-29,1.25
1064,2016-11-30,1.25
1065,2016-12-01,1.25
1066,2016-12-02,1.25
1067,2016-12-03,1.25
1068,2016-12-04,1.25
1069,2016-12-05,1.25
1070,2016-12-06,1.25
1071,2016-12-07,1.25
1072,2016-12-08,1.25
1073,2016-12-09,1.25
1074,2016-12-10,1.25
1075,2016-12-11,1.25
1076,2016-12-12,1.25
1077,2016-12-13,1.25
1078,2016-12-14,1.25
1079,2016-12-15,1.25
1080,2016-12-16,1.25
1081,2016-12-17,1.25
1082,2016-12-18,1.25
1083,2016-12-19,1.25
1084,2016-12-20,1.25
1085,2016-12-21,1.25
1086,2016-12-22,1.25
1087,2016-12-23,1.25
1088,2016-12-24,1.25
1089,2016-12-25,1.25
1090,2016-12-26,1.25
1091,2016-12-27,1.25
1092,2016-12-28,1.25
1093,2016-12-29,1.25
1094,2016-12-30,1.25
1095,2016-12-31,1.25
1096,2017-01-01,1.25
1097,2017-01-02,1.25
1098,2017-01-03,1.25
1099,2017-01-04,1.25
1100,2017-01-05,1.25
1101,2017-01-06,1.25
1102,2017-01-07,1.25
1103,2017-01-08,1.25
1104,2017-01-09,1.25
1105,2017-01-10,1.25
1106,2017-01-11,1.25
1107,2017-01-12,1.25
1108,2017-01-13,1.25
1109,2017-01-14,1.25
1110,2017-01-15,1.25
1111,2017-01-16,1.25
1112,2017-01-17,1.25
1113,2017-01-18,1.25
1114,2017-01-19,1.25
1115,2017-01-20,1.25
1116,2017-01-21,1.25
1117,2017-01-22,1.25
1118,2017-01-23,1.25
1119,2017-01-24,1.25
1120,2017-01-25,1.25
1121,2017-01-26,1.25
1122,2017-01-27,1.25
1123,2017-01-28,1.25
1124,2017-01-29,1.25
1125,2017-01-30,1.25
1126,2017-01-31,1.25
1127,2017-02-01,1.25
1128,2017-02-02,1.25
1129,2017-02-03,1.25
1130,2017-02-04,1.25
1131,2017-02-05,1.25
1132,2017-02-06,1.25
1133,2017-02-07,1.25
1134,2017-02-08,1.25
1135,2017-02-09,1.25
1136,2017-02-10,1.25
1137,2017-02-11,1.25
1138,2017-02-12,1.25
1139,2017-02-13,1.25
1140,2017-02-14,1.25
1141,2017-02-15,1.25
1142,2017-02-16,1.25
1143,2017-02-17,1.25
1144,2017-02-18,1.25
1145,2017-02-19,1.25
1146,2017-02-20,1.25
1147,2017-02-21,1.25
1148,2017-02-22,1.25
1149,2017-02-23,1.25
1150,2017-02-24,1.25
1151,2017-02-25,1.25
1152,2017-02-26,1.25
1153,2017-02-27,1.25
1154,2017-02-28,1.25
1155,2017-03-01,1.25
1156,2017-03-02,1.25
1157,2017-03-03,1.25
1158,2017-03-04,1.25
1159,2017-03-05,1.25
1160,2017-03-06,1.25
1161,2017-03-07,1.25
1162,2017-03-08,1.25
1163,2017-03-09,1.25
1164,2017-03-10,1.25
1165,2017-03-11,1.25
1166,2017-03-12,1.25
1167,2017-03-13,1.25
1168,2017-03-14,1.25
1169,2017-03-15,1.25
1170,2017-03-16,1.25
1171,2017-03-17,1.25
1172,2017-03-18,1.25
1173,2017-03-19,1.25
1174,2017-03-20,1.25
1175,2017-03-21,1.25
1176,2017-03-22,1.25
1177,2017-03-23,1.25
1178,2017-03-24,1.25
1179,2017-03-25,1.25
1180,2017-03-26,1.25
1181,2017-03-27,1.25
1182,2017-03-28,1.25
1183,2017-03-29,1.25
1184,2017-03-30,1.25
1185,2017-03-31,1.25
1186,2017-04-01,1.25
1187,2017-04-02,1.25
1188,2017-04-03,1.25
1189,2017-04-04,1.25
1190,2017-04-05,1.25
1191,2017-04-06,1.25
1192,2017-04-07,1.25
1193,2017-04-08,1.25
1194,2017-04-09,1.25
1195,2017-04-10,1.25
1196,2017-04-11,1.25
1197,2017-04-12,1.25
1198,2017-04-13,1.25
1199,2017-04-14,1.25
1200,2017-04-15,1.25
1201,2017-04-16,1.25
1202,2017-04-17,1.25
1203,2017-04-18,1.25
1204,2017-04-19,1.25
1205,2017-04-20,1.25
1206,2017-04-21,1.25
1207,2017-04-22,1.25
1208,2017-04-23,1.25
1209,2017-04-24,1.25
1210,2017-04-25,1.25
1211,2017-04-26,1.25
1212,2017-04-27,1.25
1213,2017-04-28,1.25
1214,2017-04-29,1.25
1215,2017-04-30,1.25
1216,2017-05-01,1.25
1217,2017-05-02,1.25
1218,2017-05-03,1.25
1219,2017-05-04,1.25
1220,2017-05-05,1.25
1221,2017-05-06,1.25
1222,2017-05-07,1.25
1223,2017-05-08,1.25
1224,2017-05-09,1.25
1225,2017-05-10,1.25
1226,2017-05-11,1.25
1227,2017-05-12,1.25
1228,2017-05-13,1.25
1229,2017-05-14,1.25
1230,2017-05-15,1.25
1231,2017-05-16,1.25
1232,2017-05-17,1.25
1233,2017-05-18,1.25
1234,2017-05-19,1.25
1235,2017-05-20,1.25
1236,2017-05-21,1.25
1237,2017-05-22,1.25
1238,2017-05-23,1.25
1239,2017-05-24,1.25
1240,2017-05-25,1.25
1241,2017-05-26,1.25
1242,2017-05-27,1.25
1243,2017-05-28,1.25
1244,2017-05-29,1.25
1245,2017-05-30,1.25
1246,2017-05-31,1.25
1247,2017-06-01,1.25
1248,2017-06-02,1.25
1249,2017-06-03,1.25
1250,2017-06-04,1.25
1251,2017-06-05,1.25
1252,2017-06-06,1.25
1253,2017-06-07,1.25
1254,2017-06-08,1.25
1255,2017-06-09,1.25
1256,2017-06-10,1.25
1257,2017-06-11,1.25
1258,2017-06-12,1.25
1259,2017-06-13,1.25
1260,2017-06-14,1.25
1261,2017-06-15,1.25
1262,2017-06-16,1.25
1263,2017-06-17,1.25
1264,2017-06-18,1.25
1265,2017-06-19,1.25
1266,2017-06-20,1.25
1267,2017-06-21,1.25
1268,2017-06-22,1.25
1269,2017-06-23,1.25
1270,2017-06-24,1.25
1271,2017-06-25,1.25
1272,2017-06-26,1.25
1273,2017-06-27,1.25
1274,2017-06-28,1.25
1275,2017-06-29,1.25
1276,2017-06-30,1.25
1277,2017-07-01,1.25
1278,2017-07-02,1.25
1279,2017-07-03,1.25
1280,2017-07-04,1.25
1281,2017-07-05,1.25
1282,2017-07-06,1.25
1283,2017-07-07,1.25
1284,2017-07-08,1.25
1285,2017-07-09,1.25
1286,2017-07-10,1.25
1287,2017-07-11,1.25
1288,2017-07-12,1.25
1289,2017-07-13,1.25
1290,2017-07-14,1.25
1291,2017-07-15,1.25
1292,2017-07-16,1.25
1293,2017-07-17,1.25
1294,2017-07-18,1.25
1295,2017-07-19,1.25
1296,2017-07-20,1.25
1297,2017-07-21,1.25
1298,2017-07-22,1.25
1299,2017-07-23,1.25
1300,2017-07-24,1.25
1301,2017-07-25,1.25
1302,2017-07-26,1.25
1303,2017-07-27,1.25
1304,2017-07-28,1.25
1305,2017-07-29,1.25
1306,2017-07-30,1.25
1307,2017-07-31,1.25
1308,2017-08-01,1.25
1309,2017-08-02,1.25
1310,2017-08-03,1.25
1311,2017-08-04,1.25
1312,2017-08-05,1.25
1313,2017-08-06,1.25
1314,2017-08-07,1.25
1315,2017-08-08,1.25
1316,2017-08-09,1.25
1317,2017-08-10,1.25
1318,2017-08-11,1.25
1319,2017-08-12,1.25
1320,2017-08-13,1.25
1321,2017-08-14,1.25
1322,2017-08-15,1.25
1323,2017-08-16,1.25
1324,2017-08-17,1.25
1325,2017-08-18,1.25
1326,2017-08-19,1.25
1327,2017-08-20,1.25
1328,2017-08-21,1.25
1329,2017-08-22,1.25
1330,2017-08-23,1.25
1331,2017-08-24,1.25
1332,2017-08-25,1.25
1333,2017-08-26,1.25
1334,2017-08-27,1.25
1335,2017-08-28,1.25
1336,2017-08-29,1.25
1337,2017-08-30,1.25
1338,2017-08-31,1.25
1339,2017-09-01,1.25
1340,2017-09-02,1.25
1341,2017-09-03,1.25
1342,2017-09-04,1.25
1343,2017-09-05,1.25
1344,2017-09-06,1.25
1345,2017-09-07,1.25
1346,2017-09-08,1.25
1347,2017-09-09,1.25
1348,2017-09-10,1.25
1349,2017-09-11,1.25
1350,2017-09-12,1.25
1351,2017-09-13,1.25
1352,2017-09-14,1.25
1353,2017-09-15,1.25
1354,2017-09-16,1.25
1355,2017-09-17,1.25
1356,2017-09-18,1.25
1357,2017-09-19,1.25
1358,2017-09-20,1.25
1359,2017-09-21,1.25
1360,2017-09-22,1.25
1361,2017-09-23,1.25
1362,2017-09-24,1.25
1363,2017-09-25,1.25
1364,2017-09-26,1.25
1365,2017-09-27,1.25
1366,2017-09-28,1.25
1367,2017-09-29,1.25
1368,2017-09-30,1.25
1369,2017-10-01,1.25
1370,2017-10-02,1.25
1371,2017-10-03,1.25
1372,2017-10-04,1.25
1373,2017-10-05,1.25
1374,2017-10-06,1.25
1375,2017-10-07,1.25
1376,2017-10-08,1.25
1377,2017-10-09,1.25
1378,2017-10-10,1.25
1379,2017-10-11,1.25
1380,2017-10-12,1.25
1381,2017-10-13,1.25
1382,2017-10-14,1.25
1383,2017-10-15,1.25
1384,2017-10-16,1.25
1385,2017-10-17,1.25
1386,2017-10-18,1.25
1387,2017-10-19,1.25
1388,2017-10-20,1.25
1389,2017-10-21,1.25
1390,2017-10-22,1.25
1391,2017-10-23,1.25
1392,2017-10-24,1.25
1393,2017-10-25,1.25
1394,2017-10-26,1.25
1395,2017-10-27,1.25
1396,2017-10-28,1.25
1397,2017-10-29,1.25
1398,2017-10-30,1.25
1399,2017-10-31,1.25
1400,2017-11-01,1.25
1401,2017-11-02,1.25
1402,2017-11-03,1.25
1403,2017-11-04,1.25
1404,2017-11-05,1.25
1405,2017-11-06,1.25
1406,2017-11-07,1.25
1407,2017-11-08,1.25
1408,2017-11-09,1.25
1409,2017-11-10,1.25
1410,2017-11-11,1.25
1411,2017-11-12,1.25
1412,2017-11-13,1.25
1413,2017-11-14,1.25
1414,2017-11-15,1.25
1415,2017-11-16,1.25
1416,2017-11-17,1.25
1417,2017-11-18,1.25
1418,2017-11-19,1.25
1419,2017-11-20,1.25
1420,2017-11-21,1.25
1421,2017-11-22,1.25
1422,2017-11-23,1.25
1423,2017-11-24,1.25
1424,2017-11-25,1.25
1425,2017-11-26,1.25
1426,2017-11-27,1.25
1427,2017-11-28,1.25
1428,2017-11-29,1.25
1429,2017-11-30,1.5
1430,2017-12-01,1.5
1431,2017-12-02,1.5
1432,2017-12-03,1.5
1433,2017-12-04,1.5
1434,2017-12-05,1.5
1435,2017-12-06,1.5
1436,2017-12-07,1.5
1437,2017-12-08,1.5
1438,2017-12-09,1.5
1439,2017-12-10,1.5
1440,2017-12-11,1.5
1441,2017-12-12,1.5
1442,2017-12-13,1.5
1443,2017-12-14,1.5
1444,2017-12-15,1.5
1445,2017-12-16,1.5
1446,2017-12-17,1.5
1447,2017-12-18,1.5
1448,2017-12-19,1.5
1449,2017-12-20,1.5
1450,2017-12-21,1.5
1451,2017-12-22,1.5
1452,2017-12-23,1.5
1453,2017-12-24,1.5
1454,2017-12-25,1.5
1455,2017-12-26,1.5
1456,2017-12-27,1.5
1457,2017-12-28,1.5
1458,2017-12-29,1.5
1459,2017-12-30,1.5
1460,2017-12-31,1.5
1461,2018-01-01,1.5
1462,2018-01-02,1.5
1463,2018-01-03,1.5
1464,2018-01-04,1.5
1465,2018-01-05,1.5
1466,2018-01-06,1.5
1467,2018-01-07,1.5
1468,2018-01-08,1.5
1469,2018-01-09,1.5
1470,2018-01-10,1.5
1471,2018-01-11,1.5
1472,2018-01-12,1.5
1473,2018-01-13,1.5
1474,2018-01-14,1.5
1475,2018-01-15,1.5
1476,2018-01-16,1.5
1477,2018-01-17,1.5
1478,2018-01-18,1.5
1479,2018-01-19,1.5
1480,2018-01-20,1.5
1481,2018-01-21,1.5
1482,2018-01-22,1.5
1483,2018-01-23,1.5
1484,2018-01-24,1.5
1485,2018-01-25,1.5
1486,2018-01-26,1.5
1487,2018-01-27,1.5
1488,2018-01-28,1.5
1489,2018-01-29,1.5
1490,2018-01-30,1.5
1491,2018-01-31,1.5
1492,2018-02-01,1.5
1493,2018-02-02,1.5
1494,2018-02-03,1.5
1495,2018-02-04,1.5
1496,2018-02-05,1.5
1497,2018-02-06,1.5
1498,2018-02-07,1.5
1499,2018-02-08,1.5
1500,2018-02-09,1.5
1501,2018-02-10,1.5
1502,2018-02-11,1.5
1503,2018-02-12,1.5
1504,2018-02-13,1.5
1505,2018-02-14,1.5
1506,2018-02-15,1.5
1507,2018-02-16,1.5
1508,2018-02-17,1.5
1509,2018-02-18,1.5
1510,2018-02-19,1.5
1511,2018-02-20,1.5
1512,2018-02-21,1.5
1513,2018-02-22,1.5
1514,2018-02-23,1.5
1515,2018-02-24,1.5
1516,2018-02-25,1.5
1517,2018-02-26,1.5
1518,2018-02-27,1.5
1519,2018-02-28,1.5
1520,2018-03-01,1.5
1521,2018-03-02,1.5
1522,2018-03-03,1.5
1523,2018-03-04,1.5
1524,2018-03-05,1.5
1525,2018-03-06,1.5
1526,2018-03-07,1.5
1527,2018-03-08,1.5
1528,2018-03-09,1.5
1529,2018-03-10,1.5
1530,2018-03-11,1.5
1531,2018-03-12,1.5
1532,2018-03-13,1.5
1533,2018-03-14,1.5
1534,2018-03-15,1.5
1535,2018-03-16,1.5
1536,2018-03-17,1.5
1537,2018-03-18,1.5
1538,2018-03-19,1.5
1539,2018-03-20,1.5
1540,2018-03-21,1.5
1541,2018-03-22,1.5
1542,2018-03-23,1.5
1543,2018-03-24,1.5
1544,2018-03-25,1.5
1545,2018-03-26,1.5
1546,2018-03-27,1.5
1547,2018-03-28,1.5
1548,2018-03-29,1.5
1549,2018-03-30,1.5
1550,2018-03-31,1.5
1551,2018-04-01,1.5
1552,2018-04-02,1.5
1553,2018-04-03,1.5
1554,2018-04-04,1.5
1555,2018-04-05,1.5
1556,2018-04-06,1.5
1557,2018-04-07,1.5
1558,2018-04-08,1.5
1559,2018-04-09,1.5
1560,2018-04-10,1.5
1561,2018-04-11,1.5
1562,2018-04-12,1.5
1563,2018-04-13,1.5
1564,2018-04-14,1.5
1565,2018-04-15,1.5
1566,2018-04-16,1.5
1567,2018-04-17,1.5
1568,2018-04-18,1.5
1569,2018-04-19,1.5
1570,2018-04-20,1.5
1571,2018-04-21,1.5
1572,2018-04-22,1.5
1573,2018-04-23,1.5
1574,2018-04-24,1.5
1575,2018-04-25,1.5
1576,2018-04-26,1.5
1577,2018-04-27,1.5
1578,2018-04-28,1.5
1579,2018-04-29,1.5
1580,2018-04-30,1.5
1581,2018-05-01,1.5
1582,2018-05-02,1.5
1583,2018-05-03,1.5
1584,2018-05-04,1.5
1585,2018-05-05,1.5
1586,2018-05-06,1.5
1587,2018-05-07,1.5
1588,2018-05-08,1.5
1589,2018-05-09,1.5
1590,2018-05-10,1.5
1591,2018-05-11,1.5
1592,2018-05-12,1.5
1593,2018-05-13,1.5
1594,2018-05-14,1.5
1595,2018-05-15,1.5
1596,2018-05-16,1.5
1597,2018-05-17,1.5
1598,2018-05-18,1.5
1599,2018-05-19,1.5
1600,2018-05-20,1.5
1601,2018-05-21,1.5
1602,2018-05-22,1.5
1603,2018-05-23,1.5
1604,2018-05-24,1.5
1605,2018-05-25,1.5
1606,2018-05-26,1.5
1607,2018-05-27,1.5
1608,2018-05-28,1.5
1609,2018-05-29,1.5
1610,2018-05-30,1.5
1611,2018-05-31,1.5
1612,2018-06-01,1.5
1613,2018-06-02,1.5
1614,2018-06-03,1.5
1615,2018-06-04,1.5
1616,2018-06-05,1.5
1617,2018-06-06,1.5
1618,2018-06-07,1.5
1619,2018-06-08,1.5
1620,2018-06-09,1.5
1621,2018-06-10,1.5
1622,2018-06-11,1.5
1623,2018-06-12,1.5
1624,2018-06-13,1.5
1625,2018-06-14,1.5
1626,2018-06-15,1.5
1627,2018-06-16,1.5
1628,2018-06-17,1.5
1629,2018-06-18,1.5
1630,2018-06-19,1.5
1631,2018-06-20,1.5
1632,2018-06-21,1.5
1633,2018-06-22,1.5
1634,2018-06-23,1.5
1635,2018-06-24,1.5
1636,2018-06-25,1.5
1637,2018-06-26,1.5
1638,2018-06-27,1.5
1639,2018-06-28,1.5
1640,2018-06-29,1.5
1641,2018-06-30,1.5
1642,2018-07-01,1.5
1643,2018-07-02,1.5
1644,2018-07-03,1.5
1645,2018-07-04,1.5
1646,2018-07-05,1.5
1647,2018-07-06,1.5
1648,2018-07-07,1.5
1649,2018-07-08,1.5
1650,2018-07-09,1.5
1651,2018-07-10,1.5
1652,2018-07-11,1.5
1653,2018-07-12,1.5
1654,2018-07-13,1.5
1655,2018-07-14,1.5
1656,2018-07-15,1.5
1657,2018-07-16,1.5
1658,2018-07-17,1.5
1659,2018-07-18,1.5
1660,2018-07-19,1.5
1661,2018-07-20,1.5
1662,2018-07-21,1.5
1663,2018-07-22,1.5
1664,2018-07-23,1.5
1665,2018-07-24,1.5
1666,2018-07-25,1.5
1667,2018-07-26,1.5
1668,2018-07-27,1.5
1669,2018-07-28,1.5
1670,2018-07-29,1.5
1671,2018-07-30,1.5
1672,2018-07-31,1.5
1673,2018-08-01,1.5
1674,2018-08-02,1.5
1675,2018-08-03,1.5
1676,2018-08-04,1.5
1677,2018-08-05,1.5
1678,2018-08-06,1.5
1679,2018-08-07,1.5
1680,2018-08-08,1.5
1681,2018-08-09,1.5
1682,2018-08-10,1.5
1683,2018-08-11,1.5
1684,2018-08-12,1.5
1685,2018-08-13,1.5
1686,2018-08-14,1.5
1687,2018-08-15,1.5
1688,2018-08-16,1.5
1689,2018-08-17,1.5
1690,2018-08-18,1.5
1691,2018-08-19,1.5
1692,2018-08-20,1.5
1693,2018-08-21,1.5
1694,2018-08-22,1.5
1695,2018-08-23,1.5
1696,2018-08-24,1.5
1697,2018-08-25,1.5
1698,2018-08-26,1.5
1699,2018-08-27,1.5
1700,2018-08-28,1.5
1701,2018-08-29,1.5
1702,2018-08-30,1.5
1703,2018-08-31,1.5
1704,2018-09-01,1.5
1705,2018-09-02,1.5
1706,2018-09-03,1.5
1707,2018-09-04,1.5
1708,2018-09-05,1.5
1709,2018-09-06,1.5
1710,2018-09-07,1.5
1711,2018-09-08,1.5
1712,2018-09-09,1.5
1713,2018-09-10,1.5
1714,2018-09-11,1.5
1715,2018-09-12,1.5
1716,2018-09-13,1.5
1717,2018-09-14,1.5
1718,2018-09-15,1.5
1719,2018-09-16,1.5
1720,2018-09-17,1.5
1721,2018-09-18,1.5
1722,2018-09-19,1.5
1723,2018-09-20,1.5
1724,2018-09-21,1.5
1725,2018-09-22,1.5
1726,2018-09-23,1.5
1727,2018-09-24,1.5
1728,2018-09-25,1.5
1729,2018-09-26,1.5
1730,2018-09-27,1.5
1731,2018-09-28,1.5
1732,2018-09-29,1.5
1733,2018-09-30,1.5
1734,2018-10-01,1.5
1735,2018-10-02,1.5
1736,2018-10-03,1.5
1737,2018-10-04,1.5
1738,2018-10-05,1.5
1739,2018-10-06,1.5
1740,2018-10-07,1.5
1741,2018-10-08,1.5
1742,2018-10-09,1.5
1743,2018-10-10,1.5
1744,2018-10-11,1.5
1745,2018-10-12,1.5
1746,2018-10-13,1.5
1747,2018-10-14,1.5
1748,2018-10-15,1.5
1749,2018-10-16,1.5
1750,2018-10-17,1.5
1751,2018-10-18,1.5
1752,2018-10-19,1.5
1753,2018-10-20,1.5
1754,2018-10-21,1.5
1755,2018-10-22,1.5
1756,2018-10-23,1.5
1757,2018-10-24,1.5
1758,2018-10-25,1.5
1759,2018-10-26,1.5
1760,2018-10-27,1.5
1761,2018-10-28,1.5
1762,2018-10-29,1.5
1763,2018-10-30,1.5
1764,2018-10-31,1.5
1765,2018-11-01,1.5
1766,2018-11-02,1.5
1767,2018-11-03,1.5
1768,2018-11-04,1.5
1769,2018-11-05,1.5
1770,2018-11-06,1.5
1771,2018-11-07,1.5
1772,2018-11-08,1.5
1773,2018-11-09,1.5
1774,2018-11-10,1.5
1775,2018-11-11,1.5
1776,2018-11-12,1.5
1777,2018-11-13,1.5
1778,2018-11-14,1.5
1779,2018-11-15,1.5
1780,2018-11-16,1.5
1781,2018-11-17,1.5
1782,2018-11-18,1.5
1783,2018-11-19,1.5
1784,2018-11-20,1.5
1785,2018-11-21,1.5
1786,2018-11-22,1.5
1787,2018-11-23,1.5
1788,2018-11-24,1.5
1789,2018-11-25,1.5
1790,2018-11-26,1.5
1791,2018-11-27,1.5
1792,2018-11-28,1.5
1793,2018-11-29,1.5
1794,2018-11-30,1.75
1795,2018-12-01,1.75
1796,2018-12-02,1.75
1797,2018-12-03,1.75
1798,2018-12-04,1.75
1799,2018-12-05,1.75
1800,2018-12-06,1.75
1801,2018-12-07,1.75
1802,2018-12-08,1.75
1803,2018-12-09,1.75
1804,2018-12-10,1.75
1805,2018-12-11,1.75
1806,2018-12-12,1.75
1807,2018-12-13,1.75
1808,2018-12-14,1.75
1809,2018-12-15,1.75
1810,2018-12-16,1.75
1811,2018-12-17,1.75
1812,2018-12-18,1.75
1813,2018-12-19,1.75
1814,2018-12-20,1.75
1815,2018-12-21,1.75
1816,2018-12-22,1.75
1817,2018-12-23,1.75
1818,2018-12-24,1.75
1819,2018-12-25,1.75
1820,2018-12-26,1.75
1821,2018-12-27,1.75
1822,2018-12-28,1.75
1823,2018-12-29,1.75
1824,2018-12-30,1.75
1825,2018-12-31,1.75
1826,2019-01-01,1.75
1827,2019-01-02,1.75
1828,2019-01-03,1.75
1829,2019-01-04,1.75
1830,2019-01-05,1.75
1831,2019-01-06,1.75
1832,2019-01-07,1.75
1833,2019-01-08,1.75
1834,2019-01-09,1.75
1835,2019-01-10,1.75
1836,2019-01-11,1.75
1837,2019-01-12,1.75
1838,2019-01-13,1.75
1839,2019-01-14,1.75
1840,2019-01-15,1.75
1841,2019-01-16,1.75
1842,2019-01-17,1.75
1843,2019-01-18,1.75
1844,2019-01-19,1.75
1845,2019-01-20,1.75
1846,2019-01-21,1.75
1847,2019-01-22,1.75
1848,2019-01-23,1.75
1849,2019-01-24,1.75
1850,2019-01-25,1.75
1851,2019-01-26,1.75
1852,2019-01-27,1.75
1853,2019-01-28,1.75
1854,2019-01-29,1.75
1855,2019-01-30,1.75
1856,2019-01-31,1.75
1857,2019-02-01,1.75
1858,2019-02-02,1.75
1859,2019-02-03,1.75
1860,2019-02-04,1.75
1861,2019-02-05,1.75
1862,2019-02-06,1.75
1863,2019-02-07,1.75
1864,2019-02-08,1.75
1865,2019-02-09,1.75
1866,2019-02-10,1.75
1867,2019-02-11,1.75
1868,2019-02-12,1.75
1869,2019-02-13,1.75
1870,2019-02-14,1.75
1871,2019-02-15,1.75
1872,2019-02-16,1.75
1873,2019-02-17,1.75
1874,2019-02-18,1.75
1875,2019-02-19,1.75
1876,2019-02-20,1.75
1877,2019-02-21,1.75
1878,2019-02-22,1.75
1879,2019-02-23,1.75
1880,2019-02-24,1.75
1881,2019-02-25,1.75
1882,2019-02-26,1.75
1883,2019-02-27,1.75
1884,2019-02-28,1.75
1885,2019-03-01,1.75
1886,2019-03-02,1.75
1887,2019-03-03,1.75
1888,2019-03-04,1.75
1889,2019-03-05,1.75
1890,2019-03-06,1.75
1891,2019-03-07,1.75
1892,2019-03-08,1.75
1893,2019-03-09,1.75
1894,2019-03-10,1.75
1895,2019-03-11,1.75
1896,2019-03-12,1.75
1897,2019-03-13,1.75
1898,2019-03-14,1.75
1899,2019-03-15,1.75
1900,2019-03-16,1.75
1901,2019-03-17,1.75
1902,2019-03-18,1.75
1903,2019-03-19,1.75
1904,2019-03-20,1.75
1905,2019-03-21,1.75
1906,2019-03-22,1.75
1907,2019-03-23,1.75
1908,2019-03-24,1.75
1909,2019-03-25,1.75
1910,2019-03-26,1.75
1911,2019-03-27,1.75
1912,2019-03-28,1.75
1913,2019-03-29,1.75
1914,2019-03-30,1.75
1915,2019-03-31,1.75
1916,2019-04-01,1.75
1917,2019-04-02,1.75
1918,2019-04-03,1.75
1919,2019-04-04,1.75
1920,2019-04-05,1.75
1921,2019-04-06,1.75
1922,2019-04-07,1.75
1923,2019-04-08,1.75
1924,2019-04-09,1.75
1925,2019-04-10,1.75
1926,2019-04-11,1.75
1927,2019-04-12,1.75
1928,2019-04-13,1.75
1929,2019-04-14,1.75
1930,2019-04-15,1.75
1931,2019-04-16,1.75
1932,2019-04-17,1.75
1933,2019-04-18,1.75
1934,2019-04-19,1.75
1935,2019-04-20,1.75
1936,2019-04-21,1.75
1937,2019-04-22,1.75
1938,2019-04-23,1.75
1939,2019-04-24,1.75
1940,2019-04-25,1.75
1941,2019-04-26,1.75
1942,2019-04-27,1.75
1943,2019-04-28,1.75
1944,2019-04-29,1.75
1945,2019-04-30,1.75
1946,2019-05-01,1.75
1947,2019-05-02,1.75
1948,2019-05-03,1.75
1949,2019-05-04,1.75
1950,2019-05-05,1.75
1951,2019-05-06,1.75
1952,2019-05-07,1.75
1953,2019-05-08,1.75
1954,2019-05-09,1.75
1955,2019-05-10,1.75
1956,2019-05-11,1.75
1957,2019-05-12,1.75
1958,2019-05-13,1.75
1959,2019-05-14,1.75
1960,2019-05-15,1.75
1961,2019-05-16,1.75
1962,2019-05-17,1.75
1963,2019-05-18,1.75
1964,2019-05-19,1.75
1965,2019-05-20,1.75
1966,2019-05-21,1.75
1967,2019-05-22,1.75
1968,2019-05-23,1.75
1969,2019-05-24,1.75
1970,2019-05-25,1.75
1971,2019-05-26,1.75
1972,2019-05-27,1.75
1973,2019-05-28,1.75
1974,2019-05-29,1.75
1975,2019-05-30,1.75
1976,2019-05-31,1.75
1977,2019-06-01,1.75
1978,2019-06-02,1.75
1979,2019-06-03,1.75
1980,2019-06-04,1.75
1981,2019-06-05,1.75
1982,2019-06-06,1.75
1983,2019-06-07,1.75
1984,2019-06-08,1.75
1985,2019-06-09,1.75
1986,2019-06-10,1.75
1987,2019-06-11,1.75
1988,2019-06-12,1.75
1989,2019-06-13,1.75
1990,2019-06-14,1.75
1991,2019-06-15,1.75
1992,2019-06-16,1.75
1993,2019-06-17,1.75
1994,2019-06-18,1.75
1995,2019-06-19,1.75
1996,2019-06-20,1.75
1997,2019-06-21,1.75
1998,2019-06-22,1.75
1999,2019-06-23,1.75
2000,2019-06-24,1.75
2001,2019-06-25,1.75
2002,2019-06-26,1.75
2003,2019-06-27,1.75
2004,2019-06-28,1.75
2005,2019-06-29,1.75
2006,2019-06-30,1.75
2007,2019-07-01,1.75
2008,2019-07-02,1.75
2009,2019-07-03,1.75
2010,2019-07-04,1.75
2011,2019-07-05,1.75
2012,2019-07-06,1.75
2013,2019-07-07,1.75
2014,2019-07-08,1.75
2015,2019-07-09,1.75
2016,2019-07-10,1.75
2017,2019-07-11,1.75
2018,2019-07-12,1.75
2019,2019-07-13,1.75
2020,2019-07-14,1.75
2021,2019-07-15,1.75
2022,2019-07-16,1.75
2023,2019-07-17,1.75
2024,2019-07-18,1.5
2025,2019-07-19,1.5
2026,2019-07-20,1.5
2027,2019-07-21,1.5
2028,2019-07-22,1.5
2029,2019-07-23,1.5
2030,2019-07-24,1.5
2031,2019-07-25,1.5
2032,2019-07-26,1.5
2033,2019-07-27,1.5
2034,2019-07-28,1.5
2035,2019-07-29,1.5
2036,2019-07-30,1.5
2037,2019-07-31,1.5
2038,2019-08-01,1.5
2039,2019-08-02,1.5
2040,2019-08-03,1.5
2041,2019-08-04,1.5
2042,2019-08-05,1.5
2043,2019-08-06,1.5
2044,2019-08-07,1.5
2045,2019-08-08,1.5
2046,2019-08-09,1.5
2047,2019-08-10,1.5
2048,2019-08-11,1.5
2049,2019-08-12,1.5
2050,2019-08-13,1.5
2051,2019-08-14,1.5
2052,2019-08-15,1.5
2053,2019-08-16,1.5
2054,2019-08-17,1.5
2055,2019-08-18,1.5
2056,2019-08-19,1.5
2057,2019-08-20,1.5
2058,2019-08-21,1.5
2059,2019-08-22,1.5
2060,2019-08-23,1.5
2061,2019-08-24,1.5
2062,2019-08-25,1.5
2063,2019-08-26,1.5
2064,2019-08-27,1.5
2065,2019-08-28,1.5
2066,2019-08-29,1.5
2067,2019-08-30,1.5
2068,2019-08-31,1.5
2069,2019-09-01,1.5
2070,2019-09-02,1.5
2071,2019-09-03,1.5
2072,2019-09-04,1.5
2073,2019-09-05,1.5
2074,2019-09-06,1.5
2075,2019-09-07,1.5
2076,2019-09-08,1.5
2077,2019-09-09,1.5
2078,2019-09-10,1.5
2079,2019-09-11,1.5
2080,2019-09-12,1.5
2081,2019-09-13,1.5
2082,2019-09-14,1.5
2083,2019-09-15,1.5
2084,2019-09-16,1.5
2085,2019-09-17,1.5
2086,2019-09-18,1.5
2087,2019-09-19,1.5
2088,2019-09-20,1.5
2089,2019-09-21,1.5
2090,2019-09-22,1.5
2091,2019-09-23,1.5
2092,2019-09-24,1.5
2093,2019-09-25,1.5
2094,2019-09-26,1.5
2095,2019-09-27,1.5
2096,2019-09-28,1.5
2097,2019-09-29,1.5
2098,2019-09-30,1.5
2099,2019-10-01,1.5
2100,2019-10-02,1.5
2101,2019-10-03,1.5
2102,2019-10-04,1.5
2103,2019-10-05,1.5
2104,2019-10-06,1.5
2105,2019-10-07,1.5
2106,2019-10-08,1.5
2107,2019-10-09,1.5
2108,2019-10-10,1.5
2109,2019-10-11,1.5
2110,2019-10-12,1.5
2111,2019-10-13,1.5
2112,2019-10-14,1.5
2113,2019-10-15,1.5
2114,2019-10-16,1.25
2115,2019-10-17,1.25
2116,2019-10-18,1.25
2117,2019-10-19,1.25
2118,2019-10-20,1.25
2119,2019-10-21,1.25
2120,2019-10-22,1.25
2121,2019-10-23,1.25
2122,2019-10-24,1.25
2123,2019-10-25,1.25
2124,2019-10-26,1.25
2125,2019-10-27,1.25
2126,2019-10-28,1.25
2127,2019-10-29,1.25
2128,2019-10-30,1.25
2129,2019-10-31,1.25
2130,2019-11-01,1.25
2131,2019-11-02,1.25
2132,2019-11-03,1.25
2133,2019-11-04,1.25
2134,2019-11-05,1.25
2135,2019-11-06,1.25
2136,2019-11-07,1.25
2137,2019-11-08,1.25
2138,2019-11-09,1.25
2139,2019-11-10,1.25
2140,2019-11-11,1.25
2141,2019-11-12,1.25
2142,2019-11-13,1.25
2143,2019-11-14,1.25
2144,2019-11-15,1.25
2145,2019-11-16,1.25
2146,2019-11-17,1.25
2147,2019-11-18,1.25
2148,2019-11-19,1.25
2149,2019-11-20,1.25
2150,2019-11-21,1.25
2151,2019-11-22,1.25
2152,2019-11-23,1.25
2153,2019-11-24,1.25
2154,2019-11-25,1.25
2155,2019-11-26,1.25
2156,2019-11-27,1.25
2157,2019-11-28,1.25
2158,2019-11-29,1.25
2159,2019-11-30,1.25
2160,2019-12-01,1.25
2161,2019-12-02,1.25
2162,2019-12-03,1.25
2163,2019-12-04,1.25
2164,2019-12-05,1.25
2165,2019-12-06,1.25
2166,2019-12-07,1.25
2167,2019-12-08,1.25
2168,2019-12-09,1.25
2169,2019-12-10,1.25
2170,2019-12-11,1.25
2171,2019-12-12,1.25
2172,2019-12-13,1.25
2173,2019-12-14,1.25
2174,2019-12-15,1.25
2175,2019-12-16,1.25
2176,2019-12-17,1.25
2177,2019-12-18,1.25
2178,2019-12-19,1.25
2179,2019-12-20,1.25
2180,2019-12-21,1.25
2181,2019-12-22,1.25
2182,2019-12-23,1.25
2183,2019-12-24,1.25
2184,2019-12-25,1.25
2185,2019-12-26,1.25
2186,2019-12-27,1.25
2187,2019-12-28,1.25
2188,2019-12-29,1.25
2189,2019-12-30,1.25
2190,2019-12-31,1.25
2191,2020-01-01,1.25
2192,2020-01-02,1.25
2193,2020-01-03,1.25
2194,2020-01-04,1.25
2195,2020-01-05,1.25
2196,2020-01-06,1.25
2197,2020-01-07,1.25
2198,2020-01-08,1.25
2199,2020-01-09,1.25
2200,2020-01-10,1.25
2201,2020-01-11,1.25
2202,2020-01-12,1.25
2203,2020-01-13,1.25
2204,2020-01-14,1.25
2205,2020-01-15,1.25
2206,2020-01-16,1.25
2207,2020-01-17,1.25
2208,2020-01-18,1.25
2209,2020-01-19,1.25
2210,2020-01-20,1.25
2211,2020-01-21,1.25
2212,2020-01-22,1.25
2213,2020-01-23,1.25
2214,2020-01-24,1.25
2215,2020-01-25,1.25
2216,2020-01-26,1.25
2217,2020-01-27,1.25
2218,2020-01-28,1.25
2219,2020-01-29,1.25
2220,2020-01-30,1.25
2221,2020-01-31,1.25
2222,2020-02-01,1.25
2223,2020-02-02,1.25
2224,2020-02-03,1.25
2225,2020-02-04,1.25
2226,2020-02-05,1.25
2227,2020-02-06,1.25
2228,2020-02-07,1.25
2229,2020-02-08,1.25
2230,2020-02-09,1.25
2231,2020-02-10,1.25
2232,2020-02-11,1.25
2233,2020-02-12,1.25
2234,2020-02-13,1.25
2235,2020-02-14,1.25
2236,2020-02-15,1.25
2237,2020-02-16,1.25
2238,2020-02-17,1.25
2239,2020-02-18,1.25
2240,2020-02-19,1.25
2241,2020-02-20,1.25
2242,2020-02-21,1.25
2243,2020-02-22,1.25
2244,2020-02-23,1.25
2245,2020-02-24,1.25
2246,2020-02-25,1.25
2247,2020-02-26,1.25
2248,2020-02-27,1.25
2249,2020-02-28,1.25
2250,2020-02-29,1.25
2251,2020-03-01,1.25
2252,2020-03-02,1.25
2253,2020-03-03,1.25
2254,2020-03-04,1.25
2255,2020-03-05,1.25
2256,2020-03-06,1.25
2257,2020-03-07,1.25
2258,2020-03-08,1.25
2259,2020-03-09,1.25
2260,2020-03-10,1.25
2261,2020-03-11,1.25
2262,2020-03-12,1.25
2263,2020-03-13,1.25
2264,2020-03-14,1.25
2265,2020-03-15,1.25
2266,2020-03-16,1.25
2267,2020-03-17,0.75
2268,2020-03-18,0.75
2269,2020-03-19,0.75
2270,2020-03-20,0.75
2271,2020-03-21,0.75
2272,2020-03-22,0.75
2273,2020-03-23,0.75
2274,2020-03-24,0.75
2275,2020-03-25,0.75
2276,2020-03-26,0.75
2277,2020-03-27,0.75
2278,2020-03-28,0.75
2279,2020-03-29,0.75
2280,2020-03-30,0.75
2281,2020-03-31,0.75
2282,2020-04-01,0.75
2283,2020-04-02,0.75
2284,2020-04-03,0.75
2285,2020-04-04,0.75
2286,2020-04-05,0.75
2287,2020-04-06,0.75
2288,2020-04-07,0.75
2289,2020-04-08,0.75
2290,2020-04-09,0.75
2291,2020-04-10,0.75
2292,2020-04-11,0.75
2293,2020-04-12,0.75
2294,2020-04-13,0.75
2295,2020-04-14,0.75
2296,2020-04-15,0.75
2297,2020-04-16,0.75
2298,2020-04-17,0.75
2299,2020-04-18,0.75
2300,2020-04-19,0.75
2301,2020-04-20,0.75
2302,2020-04-21,0.75
2303,2020-04-22,0.75
2304,2020-04-23,0.75
2305,2020-04-24,0.75
2306,2020-04-25,0.75
2307,2020-04-26,0.75
2308,2020-04-27,0.75
2309,2020-04-28,0.75
2310,2020-04-29,0.75
2311,2020-04-30,0.75
2312,2020-05-01,0.75
2313,2020-05-02,0.75
2314,2020-05-03,0.75
2315,2020-05-04,0.75
2316,2020-05-05,0.75
2317,2020-05-06,0.75
2318,2020-05-07,0.75
2319,2020-05-08,0.75
2320,2020-05-09,0.75
2321,2020-05-10,0.75
2322,2020-05-11,0.75
2323,2020-05-12,0.75
2324,2020-05-13,0.75
2325,2020-05-14,0.75
2326,2020-05-15,0.75
2327,2020-05-16,0.75
2328,2020-05-17,0.75
2329,2020-05-18,0.75
2330,2020-05-19,0.75
2331,2020-05-20,0.75
2332,2020-05-21,0.75
2333,2020-05-22,0.75
2334,2020-05-23,0.75
2335,2020-05-24,0.75
2336,2020-05-25,0.75
2337,2020-05-26,0.75
2338,2020-05-27,0.75
2339,2020-05-28,0.5
2340,2020-05-29,0.5
2341,2020-05-30,0.5
2342,2020-05-31,0.5
2343,2020-06-01,0.5
2344,2020-06-02,0.5
2345,2020-06-03,0.5
2346,2020-06-04,0.5
2347,2020-06-05,0.5
2348,2020-06-06,0.5
2349,2020-06-07,0.5
2350,2020-06-08,0.5
2351,2020-06-09,0.5
2352,2020-06-10,0.5
2353,2020-06-11,0.5
2354,2020-06-12,0.5
2355,2020-06-13,0.5
2356,2020-06-14,0.5
2357,2020-06-15,0.5
2358,2020-06-16,0.5
2359,2020-06-17,0.5
2360,2020-06-18,0.5
2361,2020-06-19,0.5
2362,2020-06-20,0.5
2363,2020-06-21,0.5
2364,2020-06-22,0.5
2365,2020-06-23,0.5
2366,2020-06-24,0.5
2367,2020-06-25,0.5
2368,2020-06-26,0.5
2369,2020-06-27,0.5
2370,2020-06-28,0.5
2371,2020-06-29,0.5
2372,2020-06-30,0.5
2373,2020-07-01,0.5
2374,2020-07-02,0.5
2375,2020-07-03,0.5
2376,2020-07-04,0.5
2377,2020-07-05,0.5
2378,2020-07-06,0.5
2379,2020-07-07,0.5
2380,2020-07-08,0.5
2381,2020-07-09,0.5
2382,2020-07-10,0.5
2383,2020-07-11,0.5
2384,2020-07-12,0.5
2385,2020-07-13,0.5
2386,2020-07-14,0.5
2387,2020-07-15,0.5
2388,2020-07-16,0.5
2389,2020-07-17,0.5
2390,2020-07-18,0.5
2391,2020-07-19,0.5
2392,2020-07-20,0.5
2393,2020-07-21,0.5
2394,2020-07-22,0.5
2395,2020-07-23,0.5
2396,2020-07-24,0.5
2397,2020-07-25,0.5
2398,2020-07-26,0.5
2399,2020-07-27,0.5
2400,2020-07-28,0.5
2401,2020-07-29,0.5
2402,2020-07-30,0.5
2403,2020-07-31,0.5
2404,2020-08-01,0.5
2405,2020-08-02,0.5
2406,2020-08-03,0.5
2407,2020-08-04,0.5
2408,2020-08-05,0.5
2409,2020-08-06,0.5
2410,2020-08-07,0.5
2411,2020-08-08,0.5
2412,2020-08-09,0.5
2413,2020-08-10,0.5
2414,2020-08-11,0.5
2415,2020-08-12,0.5
2416,2020-08-13,0.5
2417,2020-08-14,0.5
2418,2020-08-15,0.5
2419,2020-08-16,0.5
2420,2020-08-17,0.5
2421,2020-08-18,0.5
2422,2020-08-19,0.5
2423,2020-08-20,0.5
2424,2020-08-21,0.5
2425,2020-08-22,0.5
2426,2020-08-23,0.5
2427,2020-08-24,0.5
2428,2020-08-25,0.5
2429,2020-08-26,0.5
2430,2020-08-27,0.5
2431,2020-08-28,0.5
2432,2020-08-29,0.5
2433,2020-08-30,0.5
2434,2020-08-31,0.5
2435,2020-09-01,0.5
2436,2020-09-02,0.5
2437,2020-09-03,0.5
2438,2020-09-04,0.5
2439,2020-09-05,0.5
2440,2020-09-06,0.5
2441,2020-09-07,0.5
2442,2020-09-08,0.5
2443,2020-09-09,0.5
2444,2020-09-10,0.5
2445,2020-09-11,0.5
2446,2020-09-12,0.5
2447,2020-09-13,0.5
2448,2020-09-14,0.5
2449,2020-09-15,0.5
2450,2020-09-16,0.5
2451,2020-09-17,0.5
2452,2020-09-18,0.5
2453,2020-09-19,0.5
2454,2020-09-20,0.5
2455,2020-09-21,0.5
2456,2020-09-22,0.5
2457,2020-09-23,0.5
2458,2020-09-24,0.5
2459,2020-09-25,0.5
2460,2020-09-26,0.5
2461,2020-09-27,0.5
2462,2020-09-28,0.5
2463,2020-09-29,0.5
2464,2020-09-30,0.5
2465,2020-10-01,0.5
2466,2020-10-02,0.5
2467,2020-10-03,0.5
2468,2020-10-04,0.5
2469,2020-10-05,0.5
2470,2020-10-06,0.5
2471,2020-10-07,0.5
2472,2020-10-08,0.5
2473,2020-10-09,0.5
2474,2020-10-10,0.5
2475,2020-10-11,0.5
2476,2020-10-12,0.5
2477,2020-10-13,0.5
2478,2020-10-14,0.5
2479,2020-10-15,0.5
2480,2020-10-16,0.5
2481,2020-10-17,0.5
2482,2020-10-18,0.5
2483,2020-10-19,0.5
2484,2020-10-20,0.5
2485,2020-10-21,0.5
2486,2020-10-22,0.5
2487,2020-10-23,0.5
2488,2020-10-24,0.5
2489,2020-10-25,0.5
2490,2020-10-26,0.5
2491,2020-10-27,0.5
2492,2020-10-28,0.5
2493,2020-10-29,0.5
2494,2020-10-30,0.5
2495,2020-10-31,0.5
2496,2020-11-01,0.5
2497,2020-11-02,0.5
2498,2020-11-03,0.5
2499,2020-11-04,0.5
2500,2020-11-05,0.5
2501,2020-11-06,0.5
2502,2020-11-07,0.5
2503,2020-11-08,0.5
2504,2020-11-09,0.5
2505,2020-11-10,0.5
2506,2020-11-11,0.5
2507,2020-11-12,0.5
2508,2020-11-13,0.5
2509,2020-11-14,0.5
2510,2020-11-15,0.5
2511,2020-11-16,0.5
2512,2020-11-17,0.5
2513,2020-11-18,0.5
2514,2020-11-19,0.5
2515,2020-11-20,0.5
2516,2020-11-21,0.5
2517,2020-11-22,0.5
2518,2020-11-23,0.5
2519,2020-11-24,0.5
2520,2020-11-25,0.5
2521,2020-11-26,0.5
2522,2020-11-27,0.5
2523,2020-11-28,0.5
2524,2020-11-29,0.5
2525,2020-11-30,0.5
2526,2020-12-01,0.5
2527,2020-12-02,0.5
2528,2020-12-03,0.5
2529,2020-12-04,0.5
2530,2020-12-05,0.5
2531,2020-12-06,0.5
2532,2020-12-07,0.5
2533,2020-12-08,0.5
2534,2020-12-09,0.5
2535,2020-12-10,0.5
2536,2020-12-11,0.5
2537,2020-12-12,0.5
2538,2020-12-13,0.5
2539,2020-12-14,0.5
2540,2020-12-15,0.5
2541,2020-12-16,0.5
2542,2020-12-17,0.5
2543,2020-12-18,0.5
2544,2020-12-19,0.5
2545,2020-12-20,0.5
2546,2020-12-21,0.5
2547,2020-12-22,0.5
2548,2020-12-23,0.5
2549,2020-12-24,0.5
2550,2020-12-25,0.5
2551,2020-12-26,0.5
2552,2020-12-27,0.5
2553,2020-12-28,0.5
2554,2020-12-29,0.5
2555,2020-12-30,0.5
2556,2020-12-31,0.5
2557,2021-01-01,0.5
2558,2021-01-02,0.5
2559,2021-01-03,0.5
2560,2021-01-04,0.5
2561,2021-01-05,0.5
2562,2021-01-06,0.5
2563,2021-01-07,0.5
2564,2021-01-08,0.5
2565,2021-01-09,0.5
2566,2021-01-10,0.5
2567,2021-01-11,0.5
2568,2021-01-12,0.5
2569,2021-01-13,0.5
2570,2021-01-14,0.5
2571,2021-01-15,0.5
2572,2021-01-16,0.5
2573,2021-01-17,0.5
2574,2021-01-18,0.5
2575,2021-01-19,0.5
2576,2021-01-20,0.5
2577,2021-01-21,0.5
2578,2021-01-22,0.5
2579,2021-01-23,0.5
2580,2021-01-24,0.5
2581,2021-01-25,0.5
2582,2021-01-26,0.5
2583,2021-01-27,0.5
2584,2021-01-28,0.5
2585,2021-01-29,0.5
2586,2021-01-30,0.5
2587,2021-01-31,0.5
2588,2021-02-01,0.5
2589,2021-02-02,0.5
2590,2021-02-03,0.5
2591,2021-02-04,0.5
2592,2021-02-05,0.5
2593,2021-02-06,0.5
2594,2021-02-07,0.5
2595,2021-02-08,0.5
2596,2021-02-09,0.5
2597,2021-02-10,0.5
2598,2021-02-11,0.5
2599,2021-02-12,0.5
2600,2021-02-13,0.5
2601,2021-02-14,0.5
2602,2021-02-15,0.5
2603,2021-02-16,0.5
2604,2021-02-17,0.5
2605,2021-02-18,0.5
2606,2021-02-19,0.5
2607,2021-02-20,0.5
2608,2021-02-21,0.5
2609,2021-02-22,0.5
2610,2021-02-23,0.5
2611,2021-02-24,0.5
2612,2021-02-25,0.5
2613,2021-02-26,0.5
2614,2021-02-27,0.5
2615,2021-02-28,0.5
2616,2021-03-01,0.5
2617,2021-03-02,0.5
2618,2021-03-03,0.5
2619,2021-03-04,0.5
2620,2021-03-05,0.5
2621,2021-03-06,0.5
2622,2021-03-07,0.5
2623,2021-03-08,0.5
2624,2021-03-09,0.5
2625,2021-03-10,0.5
2626,2021-03-11,0.5
2627,2021-03-12,0.5
2628,2021-03-13,0.5
2629,2021-03-14,0.5
2630,2021-03-15,0.5
2631,2021-03-16,0.5
2632,2021-03-17,0.5
2633,2021-03-18,0.5
2634,2021-03-19,0.5
2635,2021-03-20,0.5
2636,2021-03-21,0.5
2637,2021-03-22,0.5
2638,2021-03-23,0.5
2639,2021-03-24,0.5
2640,2021-03-25,0.5
2641,2021-03-26,0.5
2642,2021-03-27,0.5
2643,2021-03-28,0.5
2644,2021-03-29,0.5
2645,2021-03-30,0.5
2646,2021-03-31,0.5
2647,2021-04-01,0.5
2648,2021-04-02,0.5
2649,2021-04-03,0.5
2650,2021-04-04,0.5
2651,2021-04-05,0.5
2652,2021-04-06,0.5
2653,2021-04-07,0.5
2654,2021-04-08,0.5
2655,2021-04-09,0.5
2656,2021-04-10,0.5
2657,2021-04-11,0.5
2658,2021-04-12,0.5
2659,2021-04-13,0.5
2660,2021-04-14,0.5
2661,2021-04-15,0.5
2662,2021-04-16,0.5
2663,2021-04-17,0.5
2664,2021-04-18,0.5
2665,2021-04-19,0.5
2666,2021-04-20,0.5
2667,2021-04-21,0.5
2668,2021-04-22,0.5
2669,2021-04-23,0.5
2670,2021-04-24,0.5
2671,2021-04-25,0.5
2672,2021-04-26,0.5
2673,2021-04-27,0.5
2674,2021-04-28,0.5
2675,2021-04-29,0.5
2676,2021-04-30,0.5
2677,2021-05-01,0.5
2678,2021-05-02,0.5
2679,2021-05-03,0.5
2680,2021-05-04,0.5
2681,2021-05-05,0.5
2682,2021-05-06,0.5
2683,2021-05-07,0.5
2684,2021-05-08,0.5
2685,2021-05-09,0.5
2686,2021-05-10,0.5
2687,2021-05-11,0.5
2688,2021-05-12,0.5
2689,2021-05-13,0.5
2690,2021-05-14,0.5
2691,2021-05-15,0.5
2692,2021-05-16,0.5
2693,2021-05-17,0.5
2694,2021-05-18,0.5
2695,2021-05-19,0.5
2696,2021-05-20,0.5
2697,2021-05-21,0.5
2698,2021-05-22,0.5
2699,2021-05-23,0.5
2700,2021-05-24,0.5
2701,2021-05-25,0.5
2702,2021-05-26,0.5
2703,2021-05-27,0.5
2704,2021-05-28,0.5
2705,2021-05-29,0.5
2706,2021-05-30,0.5
2707,2021-05-31,0.5
2708,2021-06-01,0.5
2709,2021-06-02,0.5
2710,2021-06-03,0.5
2711,2021-06-04,0.5
2712,2021-06-05,0.5
2713,2021-06-06,0.5
2714,2021-06-07,0.5
2715,2021-06-08,0.5
2716,2021-06-09,0.5
2717,2021-06-10,0.5
2718,2021-06-11,0.5
2719,2021-06-12,0.5
2720,2021-06-13,0.5
2721,2021-06-14,0.5
2722,2021-06-15,0.5
2723,2021-06-16,0.5
2724,2021-06-17,0.5
2725,2021-06-18,0.5
2726,2021-06-19,0.5
2727,2021-06-20,0.5
2728,2021-06-21,0.5
2729,2021-06-22,0.5
2730,2021-06-23,0.5
2731,2021-06-24,0.5
2732,2021-06-25,0.5
2733,2021-06-26,0.5
2734,2021-06-27,0.5
2735,2021-06-28,0.5
2736,2021-06-29,0.5
2737,2021-06-30,0.5
2738,2021-07-01,0.5
2739,2021-07-02,0.5
2740,2021-07-03,0.5
2741,2021-07-04,0.5
2742,2021-07-05,0.5
2743,2021-07-06,0.5
2744,2021-07-07,0.5
2745,2021-07-08,0.5
2746,2021-07-09,0.5
2747,2021-07-10,0.5
2748,2021-07-11,0.5
2749,2021-07-12,0.5
2750,2021-07-13,0.5
2751,2021-07-14,0.5
2752,2021-07-15,0.5
2753,2021-07-16,0.5
2754,2021-07-17,0.5
2755,2021-07-18,0.5
2756,2021-07-19,0.5
2757,2021-07-20,0.5
2758,2021-07-21,0.5
2759,2021-07-22,0.5
2760,2021-07-23,0.5
2761,2021-07-24,0.5
2762,2021-07-25,0.5
2763,2021-07-26,0.5
2764,2021-07-27,0.5
2765,2021-07-28,0.5
2766,2021-07-29,0.5
2767,2021-07-30,0.5
2768,2021-07-31,0.5
2769,2021-08-01,0.5
2770,2021-08-02,0.5
2771,2021-08-03,0.5
2772,2021-08-04,0.5
2773,2021-08-05,0.5
2774,2021-08-06,0.5
2775,2021-08-07,0.5
2776,2021-08-08,0.5
2777,2021-08-09,0.5
2778,2021-08-10,0.5
2779,2021-08-11,0.5
2780,2021-08-12,0.5
2781,2021-08-13,0.5
2782,2021-08-14,0.5
2783,2021-08-15,0.5
2784,2021-08-16,0.5
2785,2021-08-17,0.5
2786,2021-08-18,0.5
2787,2021-08-19,0.5
2788,2021-08-20,0.5
2789,2021-08-21,0.5
2790,2021-08-22,0.5
2791,2021-08-23,0.5
2792,2021-08-24,0.5
2793,2021-08-25,0.5
2794,2021-08-26,0.75
2795,2021-08-27,0.75
2796,2021-08-28,0.75
2797,2021-08-29,0.75
2798,2021-08-30,0.75
2799,2021-08-31,0.75
2800,2021-09-01,0.75
2801,2021-09-02,0.75
2802,2021-09-03,0.75
2803,2021-09-04,0.75
2804,2021-09-05,0.75
2805,2021-09-06,0.75
2806,2021-09-07,0.75
2807,2021-09-08,0.75
2808,2021-09-09,0.75
2809,2021-09-10,0.75
2810,2021-09-11,0.75
2811,2021-09-12,0.75
2812,2021-09-13,0.75
2813,2021-09-14,0.75
2814,2021-09-15,0.75
2815,2021-09-16,0.75
2816,2021-09-17,0.75
2817,2021-09-18,0.75
2818,2021-09-19,0.75
2819,2021-09-20,0.75
2820,2021-09-21,0.75
2821,2021-09-22,0.75
2822,2021-09-23,0.75
2823,2021-09-24,0.75
2824,2021-09-25,0.75
2825,2021-09-26,0.75
2826,2021-09-27,0.75
2827,2021-09-28,0.75
2828,2021-09-29,0.75
2829,2021-09-30,0.75
2830,2021-10-01,0.75
2831,2021-10-02,0.75
2832,2021-10-03,0.75
2833,2021-10-04,0.75
2834,2021-10-05,0.75
2835,2021-10-06,0.75
2836,2021-10-07,0.75
2837,2021-10-08,0.75
2838,2021-10-09,0.75
2839,2021-10-10,0.75
2840,2021-10-11,0.75
2841,2021-10-12,0.75
2842,2021-10-13,0.75
2843,2021-10-14,0.75
2844,2021-10-15,0.75
2845,2021-10-16,0.75
2846,2021-10-17,0.75
2847,2021-10-18,0.75
2848,2021-10-19,0.75
2849,2021-10-20,0.75
2850,2021-10-21,0.75
2851,2021-10-22,0.75
2852,2021-10-23,0.75
2853,2021-10-24,0.75
2854,2021-10-25,0.75
2855,2021-10-26,0.75
2856,2021-10-27,0.75
2857,2021-10-28,0.75
2858,2021-10-29,0.75
2859,2021-10-30,0.75
2860,2021-10-31,0.75
2861,2021-11-01,0.75
2862,2021-11-02,0.75
2863,2021-11-03,0.75
2864,2021-11-04,0.75
2865,2021-11-05,0.75
2866,2021-11-06,0.75
2867,2021-11-07,0.75
2868,2021-11-08,0.75
2869,2021-11-09,0.75
2870,2021-11-10,0.75
2871,2021-11-11,0.75
2872,2021-11-12,0.75
2873,2021-11-13,0.75
2874,2021-11-14,0.75
2875,2021-11-15,0.75
2876,2021-11-16,0.75
2877,2021-11-17,0.75
2878,2021-11-18,0.75
2879,2021-11-19,0.75
2880,2021-11-20,0.75
2881,2021-11-21,0.75
2882,2021-11-22,0.75
2883,2021-11-23,0.75
2884,2021-11-24,0.75
2885,2021-11-25,1.0
2886,2021-11-26,1.0
2887,2021-11-27,1.0
2888,2021-11-28,1.0
2889,2021-11-29,1.0
2890,2021-11-30,1.0
2891,2021-12-01,1.0
2892,2021-12-02,1.0
2893,2021-12-03,1.0
2894,2021-12-04,1.0
2895,2021-12-05,1.0
2896,2021-12-06,1.0
2897,2021-12-07,1.0
2898,2021-12-08,1.0
2899,2021-12-09,1.0
2900,2021-12-10,1.0
2901,2021-12-11,1.0
2902,2021-12-12,1.0
2903,2021-12-13,1.0
2904,2021-12-14,1.0
2905,2021-12-15,1.0
2906,2021-12-16,1.0
2907,2021-12-17,1.0
2908,2021-12-18,1.0
2909,2021-12-19,1.0
2910,2021-12-20,1.0
2911,2021-12-21,1.0
2912,2021-12-22,1.0
2913,2021-12-23,1.0
2914,2021-12-24,1.0
2915,2021-12-25,1.0
2916,2021-12-26,1.0
2917,2021-12-27,1.0
2918,2021-12-28,1.0
2919,2021-12-29,1.0
2920,2021-12-30,1.0
2921,2021-12-31,1.0
2922,2022-01-01,1.0
2923,2022-01-02,1.0
2924,2022-01-03,1.0
2925,2022-01-04,1.0
2926,2022-01-05,1.0
2927,2022-01-06,1.0
2928,2022-01-07,1.0
2929,2022-01-08,1.0
2930,2022-01-09,1.0
2931,2022-01-10,1.0
2932,2022-01-11,1.0
2933,2022-01-12,1.0
2934,2022-01-13,1.0
2935,2022-01-14,1.25
2936,2022-01-15,1.25
2937,2022-01-16,1.25
2938,2022-01-17,1.25
2939,2022-01-18,1.25
2940,2022-01-19,1.25
2941,2022-01-20,1.25
2942,2022-01-21,1.25
2943,2022-01-22,1.25
2944,2022-01-23,1.25
2945,2022-01-24,1.25
2946,2022-01-25,1.25
2947,2022-01-26,1.25
2948,2022-01-27,1.25
2949,2022-01-28,1.25
2950,2022-01-29,1.25
2951,2022-01-30,1.25
2952,2022-01-31,1.25
2953,2022-02-01,1.25
2954,2022-02-02,1.25
2955,2022-02-03,1.25
2956,2022-02-04,1.25
2957,2022-02-05,1.25
2958,2022-02-06,1.25
2959,2022-02-07,1.25
2960,2022-02-08,1.25
2961,2022-02-09,1.25
2962,2022-02-10,1.25
2963,2022-02-11,1.25
2964,2022-02-12,1.25
2965,2022-02-13,1.25
2966,2022-02-14,1.25
2967,2022-02-15,1.25
2968,2022-02-16,1.25
2969,2022-02-17,1.25
2970,2022-02-18,1.25
2971,2022-02-19,1.25
2972,2022-02-20,1.25
2973,2022-02-21,1.25
2974,2022-02-22,1.25
2975,2022-02-23,1.25
2976,2022-02-24,1.25
2977,2022-02-25,1.25
2978,2022-02-26,1.25
2979,2022-02-27,1.25
2980,2022-02-28,1.25
2981,2022-03-01,1.25
2982,2022-03-02,1.25
2983,2022-03-03,1.25
2984,2022-03-04,1.25
2985,2022-03-05,1.25
2986,2022-03-06,1.25
2987,2022-03-07,1.25
2988,2022-03-08,1.25
2989,2022-03-09,1.25
2990,2022-03-10,1.25
2991,2022-03-11,1.25
2992,2022-03-12,1.25
2993,2022-03-13,1.25
2994,2022-03-14,1.25
2995,2022-03-15,1.25
2996,2022-03-16,1.25
2997,2022-03-17,1.25
2998,2022-03-18,1.25
2999,2022-03-19,1.25
3000,2022-03-20,1.25
3001,2022-03-21,1.25
3002,2022-03-22,1.25
3003,2022-03-23,1.25
3004,2022-03-24,1.25
3005,2022-03-25,1.25
3006,2022-03-26,1.25
3007,2022-03-27,1.25
3008,2022-03-28,1.25
3009,2022-03-29,1.25
3010,2022-03-30,1.25
3011,2022-03-31,1.25
3012,2022-04-01,1.25
3013,2022-04-02,1.25
3014,2022-04-03,1.25
3015,2022-04-04,1.25
3016,2022-04-05,1.25
3017,2022-04-06,1.25
3018,2022-04-07,1.25
3019,2022-04-08,1.25
3020,2022-04-09,1.25
3021,2022-04-10,1.25
3022,2022-04-11,1.25
3023,2022-04-12,1.25
3024,2022-04-13,1.25
3025,2022-04-14,1.5
3026,2022-04-15,1.5
3027,2022-04-16,1.5
3028,2022-04-17,1.5
3029,2022-04-18,1.5
3030,2022-04-19,1.5
3031,2022-04-20,1.5
3032,2022-04-21,1.5
3033,2022-04-22,1.5
3034,2022-04-23,1.5
3035,2022-04-24,1.5
3036,2022-04-25,1.5
3037,2022-04-26,1.5
3038,2022-04-27,1.5
3039,2022-04-28,1.5
3040,2022-04-29,1.5
3041,2022-04-30,1.5
3042,2022-05-01,1.5
3043,2022-05-02,1.5
3044,2022-05-03,1.5
3045,2022-05-04,1.5
3046,2022-05-05,1.5
3047,2022-05-06,1.5
3048,2022-05-07,1.5
3049,2022-05-08,1.5
3050,2022-05-09,1.5
3051,2022-05-10,1.5
3052,2022-05-11,1.5
3053,2022-05-12,1.5
3054,2022-05-13,1.5
3055,2022-05-14,1.5
3056,2022-05-15,1.5
3057,2022-05-16,1.5
3058,2022-05-17,1.5
3059,2022-05-18,1.5
3060,2022-05-19,1.5
3061,2022-05-20,1.5
3062,2022-05-21,1.5
3063,2022-05-22,1.5
3064,2022-05-23,1.5
3065,2022-05-24,1.5
3066,2022-05-25,1.5
3067,2022-05-26,1.75
3068,2022-05-27,1.75
3069,2022-05-28,1.75
3070,2022-05-29,1.75
3071,2022-05-30,1.75
3072,2022-05-31,1.75
3073,2022-06-01,1.75
3074,2022-06-02,1.75
3075,2022-06-03,1.75
3076,2022-06-04,1.75
3077,2022-06-05,1.75
3078,2022-06-06,1.75
3079,2022-06-07,1.75
3080,2022-06-08,1.75
3081,2022-06-09,1.75
3082,2022-06-10,1.75
3083,2022-06-11,1.75
3084,2022-06-12,1.75
3085,2022-06-13,1.75
3086,2022-06-14,1.75
3087,2022-06-15,1.75
3088,2022-06-16,1.75
3089,2022-06-17,1.75
3090,2022-06-18,1.75
3091,2022-06-19,1.75
3092,2022-06-20,1.75
3093,2022-06-21,1.75
3094,2022-06-22,1.75
3095,2022-06-23,1.75
3096,2022-06-24,1.75
3097,2022-06-25,1.75
3098,2022-06-26,1.75
3099,2022-06-27,1.75
3100,2022-06-28,1.75
3101,2022-06-29,1.75
3102,2022-06-30,1.75
3103,2022-07-01,1.75
3104,2022-07-02,1.75
3105,2022-07-03,1.75
3106,2022-07-04,1.75
3107,2022-07-05,1.75
3108,2022-07-06,1.75
3109,2022-07-07,1.75
3110,2022-07-08,1.75
3111,2022-07-09,1.75
3112,2022-07-10,1.75
3113,2022-07-11,1.75
3114,2022-07-12,1.75
3115,2022-07-13,2.25
3116,2022-07-14,2.25
3117,2022-07-15,2.25
3118,2022-07-16,2.25
3119,2022-07-17,2.25
3120,2022-07-18,2.25
3121,2022-07-19,2.25
3122,2022-07-20,2.25
3123,2022-07-21,2.25
3124,2022-07-22,2.25
3125,2022-07-23,2.25
3126,2022-07-24,2.25
3127,2022-07-25,2.25
3128,2022-07-26,2.25
3129,2022-07-27,2.25
3130,2022-07-28,2.25
3131,2022-07-29,2.25
3132,2022-07-30,2.25
3133,2022-07-31,2.25
3134,2022-08-01,2.25
3135,2022-08-02,2.25
3136,2022-08-03,2.25
3137,2022-08-04,2.25
3138,2022-08-05,2.25
3139,2022-08-06,2.25
3140,2022-08-07,2.25
3141,2022-08-08,2.25
3142,2022-08-09,2.25
3143,2022-08-10,2.25
3144,2022-08-11,2.25
3145,2022-08-12,2.25
3146,2022-08-13,2.25
3147,2022-08-14,2.25
3148,2022-08-15,2.25
3149,2022-08-16,2.25
3150,2022-08-17,2.25
3151,2022-08-18,2.25
3152,2022-08-19,2.25
3153,2022-08-20,2.25
3154,2022-08-21,2.25
3155,2022-08-22,2.25
3156,2022-08-23,2.25
3157,2022-08-24,2.25
3158,2022-08-25,2.5
3159,2022-08-26,2.5
3160,2022-08-27,2.5
3161,2022-08-28,2.5
3162,2022-08-29,2.5
3163,2022-08-30,2.5
3164,2022-08-31,2.5
3165,2022-09-01,2.5
3166,2022-09-02,2.5
3167,2022-09-03,2.5
3168,2022-09-04,2.5
3169,2022-09-05,2.5
3170,2022-09-06,2.5
3171,2022-09-07,2.5
3172,2022-09-08,2.5
3173,2022-09-09,2.5
3174,2022-09-10,2.5
3175,2022-09-11,2.5
3176,2022-09-12,2.5
3177,2022-09-13,2.5
3178,2022-09-14,2.5
3179,2022-09-15,2.5
3180,2022-09-16,2.5
3181,2022-09-17,2.5
3182,2022-09-18,2.5
3183,2022-09-19,2.5
3184,2022-09-20,2.5
3185,2022-09-21,2.5
3186,2022-09-22,2.5
3187,2022-09-23,2.5
3188,2022-09-24,2.5
3189,2022-09-25,2.5
3190,2022-09-26,2.5
3191,2022-09-27,2.5
3192,2022-09-28,2.5
3193,2022-09-29,2.5
3194,2022-09-30,2.5
3195,2022-10-01,2.5
3196,2022-10-02,2.5
3197,2022-10-03,2.5
3198,2022-10-04,2.5
3199,2022-10-05,2.5
3200,2022-10-06,2.5
3201,2022-10-07,2.5
3202,2022-10-08,2.5
3203,2022-10-09,2.5
3204,2022-10-10,2.5
3205,2022-10-11,2.5
3206,2022-10-12,3.0
3207,2022-10-13,3.0
3208,2022-10-14,3.0
3209,2022-10-15,3.0
3210,2022-10-16,3.0
3211,2022-10-17,3.0
3212,2022-10-18,3.0
3213,2022-10-19,3.0
3214,2022-10-20,3.0
3215,2022-10-21,3.0
3216,2022-10-22,3.0
3217,2022-10-23,3.0
3218,2022-10-24,3.0
3219,2022-10-25,3.0
3220,2022-10-26,3.0
3221,2022-10-27,3.0
3222,2022-10-28,3.0
3223,2022-10-29,3.0
3224,2022-10-30,3.0
3225,2022-10-31,3.0
3226,2022-11-01,3.0
3227,2022-11-02,3.0
3228,2022-11-03,3.0
3229,2022-11-04,3.0
3230,2022-11-05,3.0
3231,2022-11-06,3.0
3232,2022-11-07,3.0
3233,2022-11-08,3.0
3234,2022-11-09,3.0
3235,2022-11-10,3.0
3236,2022-11-11,3.0
3237,2022-11-12,3.0
3238,2022-11-13,3.0
3239,2022-11-14,3.0
3240,2022-11-15,3.0
3241,2022-11-16,3.0
3242,2022-11-17,3.0
3243,2022-11-18,3.0
3244,2022-11-19,3.0
3245,2022-11-20,3.0
3246,2022-11-21,3.0
3247,2022-11-22,3.0
3248,2022-11-23,3.0
3249,2022-11-24,3.25
3250,2022-11-25,3.25
3251,2022-11-26,3.25
3252,2022-11-27,3.25
3253,2022-11-28,3.25
3254,2022-11-29,3.25
3255,2022-11-30,3.25
3256,2022-12-01,3.25
3257,2022-12-02,3.25
3258,2022-12-03,3.25
3259,2022-12-04,3.25
3260,2022-12-05,3.25
3261,2022-12-06,3.25
3262,2022-12-07,3.25
3263,2022-12-08,3.25
3264,2022-12-09,3.25
3265,2022-12-10,3.25
3266,2022-12-11,3.25
3267,2022-12-12,3.25
3268,2022-12-13,3.25
3269,2022-12-14,3.25
3270,2022-12-15,3.25
3271,2022-12-16,3.25
3272,2022-12-17,3.25
3273,2022-12-18,3.25
3274,2022-12-19,3.25
3275,2022-12-20,3.25
3276,2022-12-21,3.25
3277,2022-12-22,3.25
3278,2022-12-23,3.25
3279,2022-12-24,3.25
3280,2022-12-25,3.25
3281,2022-12-26,3.25
3282,2022-12-27,3.25
3283,2022-12-28,3.25
3284,2022-12-29,3.25
3285,2022-12-30,3.25
3286,2022-12-31,3.25
3287,2023-01-01,3.25
3288,2023-01-02,3.25
3289,2023-01-03,3.25
3290,2023-01-04,3.25
3291,2023-01-05,3.25
3292,2023-01-06,3.25
3293,2023-01-07,3.25
3294,2023-01-08,3.25
3295,2023-01-09,3.25
3296,2023-01-10,3.25
3297,2023-01-11,3.25
3298,2023-01-12,3.25
3299,2023-01-13,3.5
3300,2023-01-14,3.5
3301,2023-01-15,3.5
3302,2023-01-16,3.5
3303,2023-01-17,3.5
3304,2023-01-18,3.5
3305,2023-01-19,3.5
3306,2023-01-20,3.5
3307,2023-01-21,3.5
3308,2023-01-22,3.5
3309,2023-01-23,3.5
3310,2023-01-24,3.5
3311,2023-01-25,3.5
3312,2023-01-26,3.5
3313,2023-01-27,3.5
3314,2023-01-28,3.5
3315,2023-01-29,3.5
3316,2023-01-30,3.5
3317,2023-01-31,3.5
3318,2023-02-01,3.5
3319,2023-02-02,3.5
3320,2023-02-03,3.5
3321,2023-02-04,3.5
3322,2023-02-05,3.5
3323,2023-02-06,3.5
3324,2023-02-07,3.5
3325,2023-02-08,3.5
3326,2023-02-09,3.5
3327,2023-02-10,3.5
3328,2023-02-11,3.5
3329,2023-02-12,3.5
3330,2023-02-13,3.5
3331,2023-02-14,3.5
3332,2023-02-15,3.5
3333,2023-02-16,3.5
3334,2023-02-17,3.5
3335,2023-02-18,3.5
3336,2023-02-19,3.5
3337,2023-02-20,3.5
3338,2023-02-21,3.5
3339,2023-02-22,3.5
3340,2023-02-23,3.5
3341,2023-02-24,3.5
3342,2023-02-25,3.5
3343,2023-02-26,3.5
3344,2023-02-27,3.5
3345,2023-02-28,3.5
3346,2023-03-01,3.5
3347,2023-03-02,3.5
3348,2023-03-03,3.5
3349,2023-03-04,3.5
3350,2023-03-05,3.5
3351,2023-03-06,3.5
3352,2023-03-07,3.5
3353,2023-03-08,3.5
3354,2023-03-09,3.5
3355,2023-03-10,3.5
3356,2023-03-11,3.5
3357,2023-03-12,3.5
3358,2023-03-13,3.5
3359,2023-03-14,3.5
3360,2023-03-15,3.5
3361,2023-03-16,3.5
3362,2023-03-17,3.5
3363,2023-03-18,3.5
3364,2023-03-19,3.5
3365,2023-03-20,3.5
3366,2023-03-21,3.5
3367,2023-03-22,3.5
3368,2023-03-23,3.5
3369,2023-03-24,3.5
3370,2023-03-25,3.5
3371,2023-03-26,3.5
3372,2023-03-27,3.5
3373,2023-03-28,3.5
3374,2023-03-29,3.5
3375,2023-03-30,3.5
3376,2023-03-31,3.5
3377,2023-04-01,3.5
3378,2023-04-02,3.5
3379,2023-04-03,3.5
3380,2023-04-04,3.5
3381,2023-04-05,3.5
3382,2023-04-06,3.5
3383,2023-04-07,3.5
3384,2023-04-08,3.5
3385,2023-04-09,3.5
3386,2023-04-10,3.5
3387,2023-04-11,3.5
3388,2023-04-12,3.5
3389,2023-04-13,3.5
3390,2023-04-14,3.5
3391,2023-04-15,3.5
3392,2023-04-16,3.5
3393,2023-04-17,3.5
3394,2023-04-18,3.5
3395,2023-04-19,3.5
3396,2023-04-20,3.5
3397,2023-04-21,3.5
3398,2023-04-22,3.5
3399,2023-04-23,3.5
3400,2023-04-24,3.5
3401,2023-04-25,3.5
3402,2023-04-26,3.5
3403,2023-04-27,3.5
3404,2023-04-28,3.5
3405,2023-04-29,3.5
3406,2023-04-30,3.5
3407,2023-05-01,3.5
3408,2023-05-02,3.5
3409,2023-05-03,3.5
3410,2023-05-04,3.5
3411,2023-05-05,3.5
3412,2023-05-06,3.5
3413,2023-05-07,3.5
3414,2023-05-08,3.5
3415,2023-05-09,3.5
3416,2023-05-10,3.5
3417,2023-05-11,3.5
3418,2023-05-12,3.5
3419,2023-05-13,3.5
3420,2023-05-14,3.5
3421,2023-05-15,3.5
3422,2023-05-16,3.5
3423,2023-05-17,3.5
3424,2023-05-18,3.5
3425,2023-05-19,3.5
3426,2023-05-20,3.5
3427,2023-05-21,3.5
3428,2023-05-22,3.5
3429,2023-05-23,3.5
3430,2023-05-24,3.5
3431,2023-05-25,3.5
3432,2023-05-26,3.5
3433,2023-05-27,3.5
3434,2023-05-28,3.5
3435,2023-05-29,3.5
3436,2023-05-30,3.5
3437,2023-05-31,3.5
3438,2023-06-01,3.5
3439,2023-06-02,3.5
3440,2023-06-03,3.5
3441,2023-06-04,3.5
3442,2023-06-05,3.5
3443,2023-06-06,3.5
3444,2023-06-07,3.5
3445,2023-06-08,3.5
3446,2023-06-09,3.5
3447,2023-06-10,3.5
3448,2023-06-11,3.5
3449,2023-06-12,3.5
3450,2023-06-13,3.5
3451,2023-06-14,3.5
3452,2023-06-15,3.5
3453,2023-06-16,3.5
3454,2023-06-17,3.5
3455,2023-06-18,3.5
3456,2023-06-19,3.5
3457,2023-06-20,3.5
3458,2023-06-21,3.5
3459,2023-06-22,3.5
3460,2023-06-23,3.5
3461,2023-06-24,3.5
3462,2023-06-25,3.5
3463,2023-06-26,3.5
3464,2023-06-27,3.5
3465,2023-06-28,3.5
3466,2023-06-29,3.5
3467,2023-06-30,3.5
3468,2023-07-01,3.5
3469,2023-07-02,3.5
3470,2023-07-03,3.5
3471,2023-07-04,3.5
3472,2023-07-05,3.5
3473,2023-07-06,3.5
3474,2023-07-07,3.5
3475,2023-07-08,3.5
3476,2023-07-09,3.5
3477,2023-07-10,3.5
3478,2023-07-11,3.5
3479,2023-07-12,3.5
3480,2023-07-13,3.5
3481,2023-07-14,3.5
3482,2023-07-15,3.5
3483,2023-07-16,3.5
3484,2023-07-17,3.5
3485,2023-07-18,3.5
3486,2023-07-19,3.5
3487,2023-07-20,3.5
3488,2023-07-21,3.5
3489,2023-07-22,3.5
3490,2023-07-23,3.5
3491,2023-07-24,3.5
3492,2023-07-25,3.5
3493,2023-07-26,3.5
3494,2023-07-27,3.5
3495,2023-07-28,3.5
3496,2023-07-29,3.5
3497,2023-07-30,3.5
3498,2023-07-31,3.5
3499,2023-08-01,3.5
3500,2023-08-02,3.5
3501,2023-08-03,3.5
3502,2023-08-04,3.5
3503,2023-08-05,3.5
3504,2023-08-06,3.5
3505,2023-08-07,3.5
3506,2023-08-08,3.5
3507,2023-08-09,3.5
3508,2023-08-10,3.5
3509,2023-08-11,3.5
3510,2023-08-12,3.5
3511,2023-08-13,3.5
3512,2023-08-14,3.5
3513,2023-08-15,3.5
3514,2023-08-16,3.5
3515,2023-08-17,3.5
3516,2023-08-18,3.5
3517,2023-08-19,3.5
3518,2023-08-20,3.5
3519,2023-08-21,3.5
3520,2023-08-22,3.5
3521,2023-08-23,3.5
3522,2023-08-24,3.5
3523,2023-08-25,3.5
3524,2023-08-26,3.5
3525,2023-08-27,3.5
3526,2023-08-28,3.5
3527,2023-08-29,3.5
3528,2023-08-30,3.5
3529,2023-08-31,3.5
3530,2023-09-01,3.5
3531,2023-09-02,3.5
3532,2023-09-03,3.5
3533,2023-09-04,3.5
3534,2023-09-05,3.5
3535,2023-09-06,3.5
3536,2023-09-07,3.5
3537,2023-09-08,3.5
3538,2023-09-09,3.5
3539,2023-09-10,3.5
3540,2023-09-11,3.5
3541,2023-09-12,3.5
3542,2023-09-13,3.5
3543,2023-09-14,3.5
3544,2023-09-15,3.5
3545,2023-09-16,3.5
3546,2023-09-17,3.5
3547,2023-09-18,3.5
3548,2023-09-19,3.5
3549,2023-09-20,3.5
3550,2023-09-21,3.5
3551,2023-09-22,3.5
3552,2023-09-23,3.5
3553,2023-09-24,3.5
3554,2023-09-25,3.5
3555,2023-09-26,3.5
3556,2023-09-27,3.5
3557,2023-09-28,3.5
3558,2023-09-29,3.5
3559,2023-09-30,3.5
3560,2023-10-01,3.5
3561,2023-10-02,3.5
3562,2023-10-03,3.5
3563,2023-10-04,3.5
3564,2023-10-05,3.5
3565,2023-10-06,3.5
3566,2023-10-07,3.5
3567,2023-10-08,3.5
3568,2023-10-09,3.5
3569,2023-10-10,3.5
3570,2023-10-11,3.5
3571,2023-10-12,3.5
3572,2023-10-13,3.5
3573,2023-10-14,3.5
3574,2023-10-15,3.5
3575,2023-10-16,3.5
3576,2023-10-17,3.5
3577,2023-10-18,3.5
3578,2023-10-19,3.5
3579,2023-10-20,3.5
3580,2023-10-21,3.5
3581,2023-10-22,3.5
3582,2023-10-23,3.5
3583,2023-10-24,3.5
3584,2023-10-25,3.5
3585,2023-10-26,3.5
3586,2023-10-27,3.5
3587,2023-10-28,3.5
3588,2023-10-29,3.5
3589,2023-10-30,3.5
3590,2023-10-31,3.5
3591,2023-11-01,3.5
3592,2023-11-02,3.5
3593,2023-11-03,3.5
3594,2023-11-04,3.5
3595,2023-11-05,3.5
3596,2023-11-06,3.5
3597,2023-11-07,3.5
3598,2023-11-08,3.5
3599,2023-11-09,3.5
3600,2023-11-10,3.5
3601,2023-11-11,3.5
3602,2023-11-12,3.5
3603,2023-11-13,3.5
3604,2023-11-14,3.5
3605,2023-11-15,3.5
3606,2023-11-16,3.5
3607,2023-11-17,3.5
3608,2023-11-18,3.5
3609,2023-11-19,3.5
3610,2023-11-20,3.5
3611,2023-11-21,3.5
3612,2023-11-22,3.5
3613,2023-11-23,3.5
3614,2023-11-24,3.5
3615,2023-11-25,3.5
3616,2023-11-26,3.5
3617,2023-11-27,3.5
3618,2023-11-28,3.5
3619,2023-11-29,3.5
3620,2023-11-30,3.5
3621,2023-12-01,3.5
3622,2023-12-02,3.5
3623,2023-12-03,3.5
3624,2023-12-04,3.5
3625,2023-12-05,3.5
3626,2023-12-06,3.5
3627,2023-12-07,3.5
3628,2023-12-08,3.5
3629,2023-12-09,3.5
3630,2023-12-10,3.5
3631,2023-12-11,3.5
3632,2023-12-12,3.5
3633,2023-12-13,3.5
3634,2023-12-14,3.5
3635,2023-12-15,3.5
3636,2023-12-16,3.5
3637,2023-12-17,3.5
3638,2023-12-18,3.5
3639,2023-12-19,3.5
3640,2023-12-20,3.5
3641,2023-12-21,3.5
3642,2023-12-22,3.5
3643,2023-12-23,3.5
3644,2023-12-24,3.5
3645,2023-12-25,3.5
3646,2023-12-26,3.5
3647,2023-12-27,3.5
3648,2023-12-28,3.5
3649,2023-12-29,3.5
3650,2023-12-30,3.5
3651,2023-12-31,3.5
3652,2024-01-01,3.5
3653,2024-01-02,3.5
3654,2024-01-03,3.5
3655,2024-01-04,3.5
3656,2024-01-05,3.5
3657,2024-01-06,3.5
3658,2024-01-07,3.5
3659,2024-01-08,3.5
3660,2024-01-09,3.5
3661,2024-01-10,3.5
3662,2024-01-11,3.5
3663,2024-01-12,3.5
3664,2024-01-13,3.5
3665,2024-01-14,3.5
3666,2024-01-15,3.5
3667,2024-01-16,3.5
3668,2024-01-17,3.5
3669,2024-01-18,3.5
3670,2024-01-19,3.5
3671,2024-01-20,3.5
3672,2024-01-21,3.5
3673,2024-01-22,3.5
3674,2024-01-23,3.5
3675,2024-01-24,3.5
3676,2024-01-25,3.5
3677,2024-01-26,3.5
3678,2024-01-27,3.5
3679,2024-01-28,3.5
3680,2024-01-29,3.5
3681,2024-01-30,3.5
3682,2024-01-31,3.5
3683,2024-02-01,3.5
3684,2024-02-02,3.5
3685,2024-02-03,3.5
3686,2024-02-04,3.5
3687,2024-02-05,3.5
3688,2024-02-06,3.5
3689,2024-02-07,3.5
3690,2024-02-08,3.5
3691,2024-02-09,3.5
3692,2024-02-10,3.5
3693,2024-02-11,3.5
3694,2024-02-12,3.5
3695,2024-02-13,3.5
3696,2024-02-14,3.5
3697,2024-02-15,3.5
3698,2024-02-16,3.5
3699,2024-02-17,3.5
3700,2024-02-18,3.5
3701,2024-02-19,3.5
3702,2024-02-20,3.5
3703,2024-02-21,3.5
3704,2024-02-22,3.5
3705,2024-02-23,3.5
3706,2024-02-24,3.5
3707,2024-02-25,3.5
3708,2024-02-26,3.5
3709,2024-02-27,3.5
3710,2024-02-28,3.5
3711,2024-02-29,3.5
3712,2024-03-01,3.5
3713,2024-03-02,3.5
3714,2024-03-03,3.5
3715,2024-03-04,3.5
3716,2024-03-05,3.5
3717,2024-03-06,3.5
3718,2024-03-07,3.5
3719,2024-03-08,3.5
3720,2024-03-09,3.5
3721,2024-03-10,3.5
3722,2024-03-11,3.5
3723,2024-03-12,3.5
3724,2024-03-13,3.5
3725,2024-03-14,3.5
3726,2024-03-15,3.5
3727,2024-03-16,3.5
3728,2024-03-17,3.5
3729,2024-03-18,3.5
3730,2024-03-19,3.5
3731,2024-03-20,3.5
3732,2024-03-21,3.5
3733,2024-03-22,3.5
3734,2024-03-23,3.5
3735,2024-03-24,3.5
3736,2024-03-25,3.5
3737,2024-03-26,3.5
3738,2024-03-27,3.5
3739,2024-03-28,3.5
3740,2024-03-29,3.5
3741,2024-03-30,3.5
3742,2024-03-31,3.5
3743,2024-04-01,3.5
3744,2024-04-02,3.5
3745,2024-04-03,3.5
3746,2024-04-04,3.5
3747,2024-04-05,3.5
3748,2024-04-06,3.5
3749,2024-04-07,3.5
3750,2024-04-08,3.5
3751,2024-04-09,3.5
3752,2024-04-10,3.5
3753,2024-04-11,3.5
3754,2024-04-12,3.5
3755,2024-04-13,3.5
3756,2024-04-14,3.5
3757,2024-04-15,3.5
3758,2024-04-16,3.5
3759,2024-04-17,3.5
3760,2024-04-18,3.5
3761,2024-04-19,3.5
3762,2024-04-20,3.5
3763,2024-04-21,3.5
3764,2024-04-22,3.5
3765,2024-04-23,3.5
3766,2024-04-24,3.5
3767,2024-04-25,3.5
3768,2024-04-26,3.5
3769,2024-04-27,3.5
3770,2024-04-28,3.5
3771,2024-04-29,3.5
3772,2024-04-30,3.5
3773,2024-05-01,3.5
3774,2024-05-02,3.5
3775,2024-05-03,3.5
3776,2024-05-04,3.5
3777,2024-05-05,3.5
3778,2024-05-06,3.5
3779,2024-05-07,3.5
3780,2024-05-08,3.5
3781,2024-05-09,3.5
3782,2024-05-10,3.5
3783,2024-05-11,3.5
3784,2024-05-12,3.5
3785,2024-05-13,3.5
3786,2024-05-14,3.5
3787,2024-05-15,3.5
3788,2024-05-16,3.5
3789,2024-05-17,3.5
3790,2024-05-18,3.5
3791,2024-05-19,3.5
3792,2024-05-20,3.5
3793,2024-05-21,3.5
3794,2024-05-22,3.5
3795,2024-05-23,3.5
3796,2024-05-24,3.5
3797,2024-05-25,3.5
3798,2024-05-26,3.5
3799,2024-05-27,3.5
3800,2024-05-28,3.5
3801,2024-05-29,3.5
3802,2024-05-30,3.5
3803,2024-05-31,3.5
3804,2024-06-01,3.5
3805,2024-06-02,3.5
3806,2024-06-03,3.5
3807,2024-06-04,3.5
3808,2024-06-05,3.5
3809,2024-06-06,3.5
3810,2024-06-07,3.5
3811,2024-06-08,3.5
3812,2024-06-09,3.5
3813,2024-06-10,3.5
3814,2024-06-11,3.5
3815,2024-06-12,3.5
3816,2024-06-13,3.5
3817,2024-06-14,3.5
3818,2024-06-15,3.5
3819,2024-06-16,3.5
3820,2024-06-17,3.5
